File,Class_GT,Class_GT_n,M1,M2,M3,M4,M5,M6,M7,M8,M9,M10,M11,M12,M13,M14,M15,M16,M17,M18,M19,M20,M21,M22,M23,M24,M25,M26,M27,M28,M29,M30,M31,M32,M33,M34,M35,M36,M37,M38,M39,M40,M41,M42,M43,M44,M45,M46,M47,M48,M49,M50,M51,M52,M53,M54,M55,M56,M57,M58,M59,M60,M61,M62,M63,M64,M65,M66,M67,M68,M69,M70,M71,M72,M73,M74,M75,M76,M77,M78,M79,M80,M81
o1-01_gr_e01,B,1,1,1,1,1,1,1,1,1,1,1,1,1,1,1,1,1,1,1,0.5464978056640625,0.6615541454046636,0.9358527175000001,1,1,1,1,1,1,0.28440580555555556,0.27215878125,0.7106786875,1,0.9572799256198345,0.7113386874999997,0.6025276363636362,0.734998702479339,0.5582598476562499,0.04177760491493379,0.04172987847222218,0.07337585249999996,0.09146663715277775,0.1257545763888889,0.17199252173913043,0.20895083364839317,0.37167052888888874,0.19742086134067943,0.3457375468749999,0.20471529938271604,0.7868447190082642,0.5010531666666667,0.3852111975308642,0.3397310833333333,0.3347831866666666,0.4289107499999999,0.2756745072,1,1,1,1,1,1,1,1,1,1,1,1,1,1,1,1,1,1,1,1,1,1,1,1,1,1,1
o1-01_gr_e02,B,1,1,1,1,1,1,1,1,1,1,1,1,1,1,1,1,1,1,1,0.49745546366781995,0.7776294409722221,1,1,1,1,1,1,1,0.2646387226562499,0.20997224852071003,0.7942760887573964,1,0.7906606111111109,0.5265039930555553,0.5101642577777777,0.5845615377777778,0.8259542699999998,0.042026785599999956,0.05133098263888882,0.07376021599999995,0.11356996030245739,0.13335531550068583,0.16145185459183672,0.2139625775999999,0.29188171201814056,0.2031356890432098,0.4777911735537189,0.15144199943310654,0.38309542798353907,1,0.8938092399999996,0.9254186666666664,0.8262627031249997,1,1,0.48033059183673465,0.4261073297959183,1,1,1,1,1,1,1,1,1,1,1,1,1,1,1,1,1,1,1,1,1,1,1,1,1
o1-01_gr_e03,B,1,1,1,1,1,1,1,1,1,1,1,1,1,1,1,1,1,1,1,0.3238202897727274,0.6140518928571428,1,1,1,1,1,1,1,0.19630718240000017,0.13725125831024937,0.43260271191135746,1,1,1,1,1,1,0.043942242500000145,0.05537540909090918,0.07739901033057864,0.10632447258979214,0.11861895444444454,0.16294063010204093,0.26186424263038566,0.2533463200000001,0.2072900787037037,0.7267202716049387,0.18255413760000017,0.545835052469136,1,0.5703442343750005,0.5098003100000004,0.7192341718750004,0.5304845763888889,0.5195479642857146,1,1,1,1,1,1,1,1,1,1,1,1,1,1,1,1,1,1,1,1,1,1,1,1,1,1,1
o1-04_gr_e04,B,1,1,1,1,1,1,1,1,1,1,0.6630504799999999,0.6556605872576177,0.8039467031249999,0.9273180153061222,0.8283847382812499,0.790861221453287,0.7442603271604937,0.9558534489795916,1,0.6187270765306121,0.41094976870748295,0.38820928512396685,0.5789079687499998,0.4467230249433105,0.5776863806228373,0.5398113364197529,0.4013750973936899,1,1,0.22085218282548463,0.19047061776859492,0.2246704874999999,0.22364491836734682,0.30038247404844276,0.2575859433106575,0.21535790260630994,0.5276067688888887,0.06080195857988145,0.06907867999999981,0.07225681314878878,0.13854904958677663,0.14970568749999985,0.14755875510204067,0.1397323828124998,0.14720615999999984,0.26665895370370357,0.5752224693877549,0.1648764351851851,0.1567585199999999,0.16949249030470903,0.20071178200692028,0.19717110526315776,0.19769162499999995,0.19551347395833324,0.43653564583333304,0.4924718650519029,0.41416195290858704,0.3538580289256198,0.4464691728395062,0.4348523656509694,0.44037582825484756,0.3584356086956521,0.42620646499999987,1,0.647566675900277,0.6688644567901233,0.8311026399999999,0.879100933673469,0.7956586914062498,0.6947683703703702,0.7602519843749999,1,1,1,1,1,1,1,1,1,1,1
o1-04_gr_e05,B,1,1,1,1,1,1,1,1,1,1,1,1,1,1,1,1,1,1,1,1,0.45996227066115714,0.44017937673611124,0.5006241549586777,0.5478756425000001,0.4965671219008264,0.35962728111111125,0.5555534504132231,1,0.47535163265306163,0.18824405482041595,0.21529030158730167,0.22044571900826448,0.21925880907372403,0.2209782930056712,0.17277688228299654,0.20595914429012352,1,0.05516139792387557,0.07128919897959193,0.06013921329639897,0.11219654861111122,0.13004479338842992,0.1440762561983472,0.10167125207756243,0.16709281250000008,0.36647632231404975,0.27880142346938797,0.18344036734693886,0.18619548753462611,0.24762532871972326,0.19525941250000015,0.18750867250000008,0.16926029600000006,0.1983509958847737,1,0.45945088846880916,0.4542106597353499,0.38984176479289945,0.4573519442148761,0.449683396694215,0.47935921088435396,0.30373736035156257,0.8776105486111112,1,1,1,1,1,1,1,1,1,1,1,1,1,1,1,1,1,1,1
o1-04_gr_e06,B,1,1,1,1,1,1,1,1,1,1,1,0.8889467422222223,0.8768180711111111,0.8754064711111114,0.8730253200000001,1,0.7886417460937502,0.721719124567474,1,0.8461900486111112,0.4131180165289256,0.45265636500000006,0.42779939002267575,0.46913835000000004,0.48253499749999995,0.41586869834710755,0.45351472299168977,0.9628125308641979,1,0.21470609297052162,0.1803101157024794,0.21357380500000006,0.23735541274238237,0.2520946094182826,0.25437426234567906,0.24489179320987656,0.44894943055555575,0.07367059504132244,0.06907634722222224,0.05865183391003466,0.10208426388888896,0.12110979861111118,0.13591714792899415,0.13414248469387763,0.13108487197231838,0.18722414669421497,1,0.14876521052631586,0.18100407421875003,0.16605126989619387,0.16995237370242222,0.1587833250000001,0.18179625617283957,0.15858064800000013,0.2941596327160495,0.6135115510204083,0.31599263715277776,0.3548631428571429,0.34226886389413996,0.3823270566893426,0.42305945152354585,0.38083870975056694,0.4422427936507938,1,0.7672535,0.7870529733333332,0.7144134948096886,0.6305745125000001,0.7526833252595156,0.8029597187499999,0.80061819140625,1,1,1,1,1,1,1,1,1,1,1
o1_gr_e01,A,0,0.12172506250000027,0.0571769586776861,0.1187805510204084,0.14153379338842986,0.22811107266435993,0.5776360972222223,0.6231493911111112,1,1,0.1422497500000004,0.07679381250000018,0.17821368750000033,0.1877716406250002,0.32971032638888914,0.5771464444444447,1,1,1,0.19762588888888907,0.08944895061728413,0.14471141666666693,0.12932041420118356,0.22140679938271618,0.4538021022222224,0.7402564305555559,1,1,0.27704450000000036,0.15315905555555578,0.2637730000000005,0.20769837000000013,0.385752355371901,0.67823878,0.9691921481481482,1,1,0.026986426035503074,0.07354905785123979,0.13862434000000018,0.20124672916666683,0.3163445153061225,0.5383946041666667,0.5622178133333335,1,1,0.11870168055555565,0.14452871604938292,0.14408383471074396,0.20438234319526638,0.31967918367346954,0.532160513888889,0.8215985000000003,0.9481408800000002,1,0.30060052777777807,0.16813099000000026,0.29863423437500025,0.35145477777777795,0.4640912400000001,0.8094485000000002,1,1,1,0.24025498765432116,0.19474343195266286,0.3481396666666669,0.3099522638888891,0.3787320473372782,0.5444266388888889,0.6594306875000001,1,1,0.15994880622837382,0.19425533024691366,0.22173061772853198,0.21644057844990555,0.32333476851851856,0.3176643151927439,0.4705895585937502,0.4589278337950139,1
o1_gr_e02,A,0,0.2515885999999996,0.11821492561983445,0.08571116049382699,0.06201009027777761,0.17765781632653044,0.3085379453124999,0.4831899234693877,0.7977079399999998,1,0.18772612244897935,0.23352824999999972,0.05914177777777744,0.08412484374999965,0.21756860416666648,0.48512191999999976,1,1,1,0.13993160493827134,0.09748445679012324,0.11723002777777726,0.1064636296296293,0.15783550390624984,0.3344585102040815,0.6237425599999998,0.7557838699999995,1,0.14142364062499974,0.14717266666666634,0.24065375,0.17108049999999975,0.26542372999999975,0.5585504999999997,0.7593947812499997,0.9539696406249999,1,0.029777305555555363,0.05059150295857978,0.19432955555555542,0.12611895266272177,0.21049562244897943,0.3757645277777777,0.5058333055555554,0.5531681173469386,1,0.12879848760330556,0.14502951851851825,0.14268604958677664,0.19654600826446256,0.29501990082644597,0.39568283333333315,0.5611681900826443,0.5871925029585796,1,0.20583855371900805,0.1835862708333332,0.36358783673469347,0.3073847407407405,0.44607884374999973,0.4480740165289255,1,0.8539016666666664,1,0.2822913819444443,0.3101824628099172,0.34608009090909064,0.29551537869822475,0.47614360493827124,0.45215420833333314,0.6413227699999998,0.6220885208333331,1,0.3134492177777776,0.24417390476190465,0.32160078200692027,0.2517693402646502,0.36188470703124986,0.3119476049999999,0.5400599722222221,0.49093590666666637,1
o1_gr_e03,A,0,0.20524506249999983,0.27064466666666653,0.1509835999999999,0.1554805299999999,0.2287665069444444,0.37431443249999985,0.43290192743764155,0.702327742222222,1,0.2897972244897956,0.4765917499999994,0.30460961111111096,0.36143199999999975,0.27840791999999986,0.5918706099999999,0.7825931999999998,0.8770400277777776,1,0.11937401388888876,0.14264651999999983,0.11454191715976314,0.26985787755102003,0.21965443367346926,0.3715618571428571,0.5438611301775146,0.6418303846153846,1,0.1276921199999998,0.2649720624999994,0.20903319444444415,0.18741654687499976,0.30593918518518504,0.42260516528925607,0.6174854999999999,0.713539570247934,1,0.0330257041420117,0.0508316899999997,0.12000301234567881,0.15614420987654307,0.2049985347222221,0.3267975833333332,0.42500653846153835,0.4651645644444443,1,0.13224523966942134,0.15285708163265305,0.12633306172839484,0.15335618518518498,0.18254165972222205,0.27912297222222204,0.33752117346938776,0.46041647928994067,1,0.2304530864197529,0.17502590624999986,0.1433837899999998,0.2634982222222219,0.3275670833333329,0.29336802999999984,0.5251563437499999,0.5482370864197529,1,0.2650799299999997,0.2637339218749998,0.21142759999999983,0.28327184374999975,0.24285040740740713,0.2702736399999998,0.2815432013888888,0.3337304305555554,0.7405136122448976,0.3422786419753085,0.237185236111111,0.1606510470914127,0.2919115950413221,0.16016951246537384,0.27001813888888876,0.25840051479289927,0.4033056543209874,0.4959285185185184
o1_gr_e04,A,0,0.11688957777777789,0.19992113000000022,0.15113347222222231,0.22928791555555578,0.23158981440443224,0.31571747750865065,0.2992955124716554,0.7147364800000002,1,0.1627921875000002,0.1921093061224493,0.21643529687500035,0.33194971428571446,0.2922909834710746,0.49059927160493844,0.5806377600000002,1,1,0.10444150617283975,0.1527656388888891,0.10799928472222237,0.15396943000000024,0.1867919881656806,0.2890809112426037,0.43630465277777797,0.6256698760330579,1,0.1190378775510207,0.18625675000000058,0.15085402777777818,0.23567612000000038,0.2357866875000003,0.37155466666666703,0.6000587031250002,0.9084816326530616,1,0.03505039053254448,0.04956293388429764,0.10930381481481502,0.16968886111111137,0.11321434319526637,0.21524605325443802,0.3382750887573967,0.46433147916666695,1,0.1032561481481484,0.13609694444444476,0.11335665432098797,0.17826019444444466,0.13451307407407426,0.14721062755102055,0.2549596577777779,0.4310833017751481,1,0.17399341666666696,0.23406000000000052,0.13078859504132245,0.2782551388888894,0.17840195061728426,0.20669413580246934,0.41983826562500026,0.40894772222222253,1,0.12576784297520677,0.14474100000000023,0.18812294444444458,0.29713969135802487,0.22854004958677704,0.2944080000000003,0.20373579081632665,0.3369521834319528,0.9369425277777782,0.2284957500000003,0.1313111445312501,0.17683950308641985,0.39475944000000024,0.29414779861111123,0.29483700000000024,0.20838746222222237,0.2843984177777779,1
o1_gr_e05,A,0,0.15665152083333309,0.14131219444444418,0.17065076923076902,0.15860944140624983,0.22195984765624985,0.3015142044444444,0.41887637278106493,0.5046010769230768,1,0.1957568124999997,0.1668777551020404,0.20282379591836708,0.30693205555555514,0.29951902469135766,0.36178357851239645,0.6135188765432095,0.9407905156249997,1,0.10510547222222198,0.0924534691358021,0.16099926530612207,0.10568791124260336,0.21684918999999975,0.2652343775510202,0.5935069876543208,0.4259216095041321,1,0.15077552777777725,0.11958011111111073,0.21487049999999938,0.17258866666666622,0.18660873999999966,0.4276900937499997,0.49418746280991716,0.4437093649999998,1,0.027433239669421166,0.043305662721893234,0.171861805555555,0.11928298765432059,0.16045371999999983,0.2102457511111109,0.41731364583333314,0.4996214843749999,1,0.13196475308641947,0.12384554320987627,0.19115413888888835,0.11314888888888852,0.1463160864197528,0.1793618488888887,0.3444887551020407,0.38008940495867755,1,0.17325165289256184,0.17201471604938243,0.2581343055555551,0.17138076543209835,0.13451019999999975,0.28033151562499964,0.36370095138888864,0.5607739111111111,1,0.2225297430555553,0.2045808680555553,0.2785104814814812,0.21915712499999976,0.2213133099999998,0.18227813888888864,0.31938575694444427,0.45183135502958555,1,0.2657120663265304,0.24246123828124982,0.31147963905325426,0.28341341326530595,0.2707113124999997,0.17626338222222201,0.2010398339100344,0.2286909690082644,1
o1_gr_e06,A,0,0.18788689965397912,0.24439697520661144,0.15347008587257607,0.19933222530864186,0.20805932644628083,0.38676526666666655,0.3301612947845804,0.6237532631578946,1,0.2432770199999999,0.4825393124999994,0.34231927777777754,0.29510004687499974,0.33321512999999975,0.4458893140495867,0.596540548611111,0.5920290831024931,1,0.140223798611111,0.14703859259259236,0.11896402777777759,0.1720355432098765,0.20445663194444422,0.2699572031249999,0.3934993796296294,0.5784400637119113,1,0.11546737999999979,0.2235449999999993,0.1672457777777775,0.2541718399999999,0.20602444444444418,0.37633998999999985,0.431202801020408,0.5694113702422144,1,0.02813293367346925,0.04639871900826429,0.1099244691358023,0.17502505555555548,0.11261585798816552,0.2032528444444443,0.3958421538461538,0.36996268229166657,1,0.11866135999999976,0.15622141666666634,0.11602014814814786,0.15456816666666628,0.10676146913580231,0.1313961999999999,0.2334062808641974,0.44638900749999993,1,0.13703131404958663,0.21140197222222198,0.14484035802469125,0.2861603199999996,0.14112028395061693,0.1681259531249998,0.23360417159763303,0.35359756444444435,1,0.22766520987654296,0.23813728571428538,0.20286616049382697,0.3387529722222218,0.1738980208333332,0.1206185694444443,0.16818247959183666,0.23705416666666662,1,0.2493242199999998,0.20904261805555538,0.18428111555555537,0.29436419999999985,0.233711051020408,0.2580853999999999,0.1798501656804732,0.2500888816568045,1
o1_gr_e07,A,0,0.11275159999999951,0.05621552343749983,0.21192783950617247,0.24848450295857968,0.3368645204081631,0.6693568024691356,0.4383242387543252,0.6203863928571426,1,0.13695155555555463,0.10426602469135764,0.30992488888888853,0.3912646718749997,0.46799181999999984,0.8625836326530611,0.8973680156249997,0.809617,1,0.15381728571428543,0.09930925619834688,0.1782933599999998,0.22378860355029567,0.32543054081632633,0.4766175857988163,0.5552955561224487,0.6052467656249999,1,0.3832528124999995,0.22928011111111082,0.2924694999999996,0.3603421093749997,0.4754609699999998,0.8297885312499996,0.7771435371900826,0.8748705555555556,1,0.07672534911242586,0.1658887654320985,0.17915754545454515,0.227620801020408,0.3597734489795916,0.4807494399999998,0.656829469387755,0.991880454545454,1,0.25715086111111074,0.17751983950617264,0.2256700864197528,0.2028119377162628,0.4071861173469386,0.6104922781065087,0.7637422071005915,1,1,0.26911255555555513,0.23673878124999964,0.26331793827160466,0.4485297037037035,0.5256555208333333,0.766207247933884,1,1,1,0.23505918749999968,0.1622491005917158,0.2922333399999998,0.2900216577777776,0.4500856488888888,0.6455245051020406,0.7705474387755098,1,1,0.12198067968749987,0.19861704733727792,0.1919958333333332,0.23670425141776932,0.3255473003472221,0.46399645661157,0.6834943148788926,1,1
o1_gr_e08,A,0,0.18954831249999965,0.15617722222222202,0.26593347999999994,0.2839195555555556,0.28350290625,0.349653775510204,0.4090794897959183,0.5612937499999999,0.7513984722222222,0.13667656249999988,0.13314911111111105,0.2741075624999999,0.1429419,0.3148865833333332,0.4020922499999999,0.34230990624999996,0.40055222222222214,0.7663146666666666,0.10387597222222221,0.08164755555555553,0.16137075000000012,0.11309331944444434,0.18911721999999997,0.25889264,0.2635666863905325,0.37171504861111115,0.6041590740740741,0.12740155555555588,0.11420519444444428,0.22659331249999975,0.14825764197530858,0.2855065312499999,0.5284924999999997,0.4227760400000001,0.695426484375,1,0.029135010000000017,0.044133739644970325,0.19369927777777757,0.12731597916666662,0.2075844142011834,0.30503157396449704,0.40089631360946754,0.5423440486111111,1,0.1611604489795917,0.1210441975308642,0.17186193749999992,0.18423461805555558,0.24714312244897957,0.44838983471074373,0.4385874285714285,0.8148231111111114,1,0.18264109374999973,0.14801461999999993,0.2822278611111111,0.24636828099173547,0.3487839722222222,0.5276392066115702,0.7865300493827159,0.7386414132231406,1,0.2083515537190083,0.21883847,0.22522561983471068,0.2614710650887574,0.3617672295918366,0.6104533140495868,0.5657223673469387,0.6024151955555554,1,0.2288034319526627,0.15065694750000003,0.1916129916897507,0.1892069936,0.26560201759999996,0.39374893197278915,0.40601225519848766,0.6708883600000002,1
o1_gr_e09,A,0,0.19254112244897933,0.1299331570247932,0.2565007222222221,0.2685792653061223,0.40443763999999954,0.3683884166666665,0.2786266049382714,0.4613830833333332,0.5157317031249999,0.2155889599999996,0.19188619444444438,0.2768635599999998,0.14807240999999988,0.2762574999999996,0.35911169444444396,0.30999970312499986,0.38852267187499984,0.45919771604938253,0.1252574843749998,0.09974350617283938,0.18100869444444417,0.1381644567901233,0.18109034567901217,0.2305869799999998,0.28539085999999986,0.2927227041420117,0.48872430999999983,0.11898418749999984,0.12468802777777742,0.23610874999999976,0.1975066111111107,0.2250419999999997,0.24713324793388414,0.3195216458333332,0.44735200826446264,0.980905583333333,0.03643244628099161,0.049225508875739524,0.1928601666666664,0.12329265277777766,0.21655985123966928,0.258886913265306,0.43644490909090905,0.4585946745562129,1,0.1338719753086418,0.11766608641975293,0.21568122222222177,0.1447862091836734,0.2802080347222221,0.3363723622448979,0.5203589338842975,0.49117568367346937,1,0.16141766666666643,0.14184132999999988,0.17750090123456766,0.2534454793388428,0.3283790059171597,0.5212400330578512,0.7462315185185184,0.6972902314049585,1,0.21982218518518507,0.20916988888888868,0.2629127407407406,0.26443313017751463,0.3681418265306121,0.5220506153846153,0.7655568099999999,0.6530940414201184,1,0.15979168888888884,0.14517562962962952,0.1720202686980609,0.17732012757201637,0.2707549135999999,0.3941768662131519,0.4615029399999999,0.5735951349480968,1
o1_gr_e10,A,0,0.3488154567901238,0.20417076124567488,0.29340133163265325,0.3203515561224491,0.38345607638888907,0.35746692000000024,0.3581574275,1,1,0.19365913609467472,0.24445549000000022,0.3196910493827163,0.3506994814814817,0.40910732098765457,0.6586506718750004,0.6850916115702482,1,1,0.1735657600000002,0.13439039583333348,0.33347816666666685,0.19063905325443806,0.30568152083333344,0.3491156366782008,0.4373112950000001,1,1,0.20973433333333377,0.20005502777777814,0.16218895061728417,0.2810419062500003,0.3401474305555558,0.5741954027777779,0.7429414615384617,1,1,0.03189653571428588,0.10853520987654343,0.1491430740740743,0.1902233958333335,0.30584054591836746,0.45712696875000025,0.619208390625,1,1,0.15080345312500032,0.12143979012345699,0.13113812000000025,0.18616536805555578,0.25508303111111125,0.34217418339100364,0.3801672653061226,1,1,0.23477438888888938,0.18990361111111145,0.23228780555555606,0.2935662469135805,0.4498776049382718,0.5356921200000001,0.7597168024691361,0.8306332200000002,1,0.18155269135802496,0.1533913580246915,0.16708171000000022,0.1991536977777779,0.421411661157025,0.49390492361111116,0.6455354132231407,0.6874730416666669,1,0.2926467959183678,0.10531101562500016,0.1712841275510206,0.2297605468750002,0.38994539053254457,0.4931455029585801,0.6179060833333336,0.932935074074074,1
o1_gr_e11,A,0,0.3328912777777781,0.1284825102040818,0.12728483391003473,0.186688163580247,0.25410100000000013,0.4377990255102043,0.4171732312925172,1,1,0.23622512500000034,0.37367231250000077,0.207368827160494,0.40652504081632684,0.41130566000000024,0.5132566686390534,0.5927541764705884,1,1,0.14529029861111128,0.22551797222222256,0.14668682638888905,0.2948228888888892,0.2661069921875001,0.3637198934240364,0.6620365570934257,1,1,0.13636187603305802,0.24226484000000026,0.22665955102040844,0.28944171875000024,0.363892603550296,0.4148055633270323,1,1,1,0.04086755612244913,0.0782145800000002,0.15100685185185211,0.1755562346938777,0.24622195659722235,0.5452714375000001,0.9908360488888889,1,1,0.12883193055555567,0.22255902777777817,0.1417551111111114,0.21605288265306136,0.28806181632653066,0.5295171024930749,0.7851316505190312,1,1,0.18072709876543236,0.2030873906250002,0.29969183673469413,0.2818136153846156,0.5091699722222223,0.595370408888889,1,1,1,0.13481907692307715,0.2057869135802472,0.223116138888889,0.27856125000000015,0.4706387466666667,0.6340767066666667,0.8429103265306123,1,1,0.20821187500000013,0.21061041666666686,0.19822536728395074,0.24872504914933846,0.4299504938271607,0.7323644674556212,0.8154801224489796,1,1
o1_gr_e12,A,0,0.22046335000000006,0.17606567901234577,0.121332076388889,0.11532270666666676,0.1810764740484429,0.2503818052930057,0.5926620969387757,1,1,0.17209506611570258,0.30112850000000024,0.208769777777778,0.17666164197530876,0.3837077500000001,0.4734963263888889,0.4915388919667591,1,1,0.1340276041666667,0.17055727777777796,0.11829158024691368,0.145863917355372,0.23122279881656813,0.3187751790123457,0.48568489750000005,1,1,0.11260691735537195,0.24675237500000025,0.1757591666666669,0.21188085937500012,0.3938175312500002,0.4825342152777779,0.6817612142857143,1,1,0.03092889795918376,0.0599355600000001,0.12224817283950627,0.14092634027777784,0.2635613055555556,0.3408284948096886,0.504414,1,1,0.14297956000000012,0.20455225000000016,0.1320833209876544,0.14322413888888896,0.2615914791666667,0.32768061245674746,0.6060971242603551,0.918532603305785,1,0.22943554320987666,0.19172018750000008,0.162870962962963,0.2225736049382717,0.3269061234567903,0.3620411420118344,0.5696919930555557,0.5270617750865052,1,0.27096345679012357,0.27000581632653065,0.18441086000000012,0.22759906944444455,0.31818936363636363,0.33632385798816566,0.5256572314049589,0.5134406479591836,1,0.248710013888889,0.1985275266272191,0.1577390622837371,0.2005328580246913,0.2769617647058824,0.33639547265625,0.559493570247934,0.6234617355371902,1
o2-01_gr_e01,B,1,1,1,1,1,1,1,1,1,1,1,1,1,1,1,1,1,1,1,1,1,1,1,1,1,1,1,1,1,1,1,1,1,1,1,1,1,0.09115013281250012,0.09044878222222234,0.12010526543209886,0.1829313422222224,0.1915827091836736,0.1456827293388431,0.2276797066666668,0.3746784710743803,0.9611253750000006,0.25786380653061225,0.5091849763313611,1,1,1,1,1,1,1,0.9054947067901233,1,1,1,1,1,1,1,1,1,1,1,1,1,1,1,1,1,1,1,1,1,1,1,1,1,1
o2-01_gr_e02,B,1,1,1,1,1,1,1,1,1,1,1,1,1,1,1,1,1,1,1,1,1,1,1,1,1,1,1,1,1,1,1,1,1,1,1,1,1,0.09399126666666661,0.08466855859374997,0.12354866796874994,0.16017575086505187,0.16367658823529416,0.18832419031141864,0.3263671735537189,0.2936752602040816,0.9508169375,0.23282247743055554,0.2329738457142857,0.4039606005859376,0.9424278734567902,1,1,1,1,1,0.41092490624999994,0.5321059381688465,1,1,1,1,1,1,1,1,1,1,1,1,1,1,1,1,1,1,1,1,1,1,1,1,1
o2-01_gr_e03,B,1,1,1,1,1,1,1,1,1,1,1,1,1,1,1,1,1,1,1,1,1,1,1,1,1,1,1,1,0.6347812222222221,1,1,1,1,1,1,1,1,0.0598932112482853,0.07695824007561436,0.1297106222222222,0.23457769999999994,0.168438446366782,0.25314705325443787,0.3012264166666666,0.42290799999999995,1,0.2935205263157894,0.8854024374999998,1,1,1,1,1,1,1,1,1,1,1,1,1,1,1,1,1,1,1,1,1,1,1,1,1,1,1,1,1,1,1,1,1,1
o2-04_gr_e04,D,3,1,1,1,0.5249189896193771,0.5417629038461539,1,1,1,1,1,0.7617541570247934,0.4854901866666667,0.4248219876543209,0.5537473424000001,1,1,1,1,0.6259418979591835,0.5053833333333331,0.40717640000000005,0.3420976499999999,0.4638745666666667,1,1,1,1,0.2603099583333333,0.3596386326530611,0.30639158666666666,0.22332023816568045,0.551613,1,1,1,1,0.04208337499999982,0.06545899489795916,0.1289199843749999,0.2621260227272726,0.44470529968782524,1,1,1,1,0.13018095555555548,0.1353055244444444,0.17343709183673459,0.2047015459533607,0.46457592507804363,1,1,1,1,0.2682021329639889,0.3096707999999999,0.29368746938775503,0.24514403878116336,0.3955845994809688,1,1,1,1,0.6278336033057852,0.5769370247933883,0.3938478367346937,0.40050112499999985,0.34103442052469135,1,1,1,1,1,1,0.964566944444444,0.5607665899999997,0.5401257808641974,1,1,1,1
o2-04_gr_e05,D,3,1,1,1,0.7297408194444442,0.6217208175000001,1,1,1,1,1,0.9853614218749998,0.6475643055555556,0.45137296193771614,0.4464302485207101,1,1,1,1,0.5889966094674555,0.5950394374999998,0.5543548749999998,0.49731052071005905,0.3764204827586206,1,1,1,1,0.5450487222222218,0.48772276999999986,0.2880584013840829,0.2591323449999998,0.4001542793367346,1,1,1,1,0.0508154297520659,0.1029969256198345,0.14968039843749986,0.2814187148437498,0.3802391664684898,1,1,1,1,0.22592659999999934,0.12649767555555544,0.18051295847750856,0.27302122837370224,0.31138697530864196,1,1,1,1,0.22755311834319514,0.2426475536332178,0.4284359583333332,0.3721765066666666,0.31687500163265303,1,1,1,1,0.29944672839506153,0.5128198749999997,0.550051548611111,0.6900811899999996,0.4740905691609976,1,1,1,1,1,1,1,0.6515526319444441,0.4418821723356008,1,1,1,1
o2-04_gr_e06,D,3,1,1,1,0.8859326666666661,0.9955332485207101,1,1,1,1,1,1,0.5640671874999998,0.4417620234374998,0.43185841426611793,0.9565738580246915,1,1,1,0.4885719234693875,0.505560644970414,0.6030355799999998,0.42684869387755087,0.4254646127999999,0.8877254626038781,1,1,1,0.4516863999999998,0.5266733124999998,0.29358607555555555,0.26757566975308633,0.3617741339285714,0.889873301939058,1,1,1,0.043028512396694175,0.09563642975206611,0.16177161734693865,0.25673217187499986,0.30104191176470585,0.9659301327160495,1,1,1,0.17312114062499978,0.1326613944636677,0.1761117577854671,0.31081247959183655,0.4227180543999998,0.9406963240740741,1,1,1,0.24150065373961216,0.27268792797783925,0.3767926488888888,0.39744766326530606,0.32859534443288235,1,1,1,1,0.8257790740740739,0.6300398611111113,0.6215887777777777,0.641990917355372,0.3695250946745561,0.8688975290858726,1,1,1,1,1,1,0.7231042727272725,0.4221866900826447,0.5176228287752676,1,1,1
o2-07_gr_e07,B,1,1,1,1,1,1,1,1,1,1,1,1,1,1,1,1,1,1,1,0.5784665625000001,0.4589798615916953,0.5104338984375,1,0.509862508650519,0.7512647499999998,0.9005928999999998,0.5882541275510202,1,0.4097635102040815,0.23405719526627217,0.29688132638888887,0.361479173553719,0.32871753472222226,0.41061913194444444,0.46969475000000016,0.42473711570247924,0.46123098347107433,0.07592594444444441,0.07479479999999994,0.11176284023668637,0.49173131249999996,0.2524082098765432,0.2381013140495867,0.7417033124999997,0.30587211570247935,0.23205993351800552,0.4563541999999999,0.19810881656804727,0.2742656363636364,0.42603629687499994,0.3541160082644627,0.44623868999999994,0.6016571406249999,0.51273112,0.3989341822222222,0.9317661999999998,0.44324511570247926,0.4561454999999998,1,0.5815871404958677,0.6302500082644629,1,0.6320268958333333,0.5708271511111108,0.7169372999999998,0.6564439090909092,0.8378241358024692,1,0.83555366,0.8903876299999999,1,0.872249826446281,1,1,1,1,1,1,1,1,1,1
o2-07_gr_e08,B,1,1,1,1,1,1,1,1,1,1,1,1,1,1,1,1,1,1,1,0.5071015147928996,0.5159581733333334,0.5754085288888889,0.6729574556213018,0.9980386400000003,0.8404677851239674,0.7699712986111112,0.7296511111111113,0.9872051481481483,0.2973650246913582,0.25790584023668645,0.2638356711111111,0.44001423000000023,0.30865840000000005,0.33133280888888905,0.6357791093750004,0.3746068112244899,0.3141203391003461,0.060134472222222395,0.08501600000000015,0.15022318518518543,0.22062862500000016,0.26865856250000025,0.29446387500000026,0.37847630612244915,0.31350981481481494,0.22110862629757796,1,0.27044722916666675,0.25173590816326546,0.4189111604938274,0.35363521487603317,0.31460738775510216,0.5231091358024693,0.4398512892561984,0.29773990304709147,0.6026232975206612,0.6615550800000002,0.527879637755102,1,0.6436641736111112,0.6038994319526628,1,0.7350587520661158,0.5879039540816328,1,1,1,1,1,1,1,0.9381006363636365,1,1,1,1,1,1,1,1,1,1
o2-07_gr_e09,B,1,1,1,1,1,1,1,1,1,1,1,1,1,1,1,1,1,1,1,0.6751409930555555,1,0.5424557932098766,1,1,0.7269236755555557,0.7172984285714286,1,0.5666143867187501,1,0.4015147500000001,0.26669393359375004,0.48094993877551034,0.46159505,0.3639216944444445,0.48098495138888886,0.54610793,0.24400648015122883,0.012213333333333581,0.07605641000000002,0.14032345679012345,0.15016679881656805,0.51239184,0.28607924000000007,0.4334066562500001,0.6461766388888888,0.20886178071833653,1,0.5633050400000001,0.26339821527777785,0.31006915972222227,0.522201640625,0.36310213609467457,0.49539694214876034,0.729656578125,0.2570419704142012,1,0.8174242653061224,0.4622871893491124,0.5522515625000001,1,0.6804528677685949,0.6205871242603552,1,0.44460967000000007,1,1,0.8610256300000001,0.9082920099999999,1,0.9530984900000001,1,1,0.8331450416666667,1,1,1,1,1,1,1,1,1
o2-10_gr_e10,B,1,1,1,1,1,1,1,1,1,1,0.7059838367346939,0.6531901020408164,0.8108955555555556,0.7766296326530615,1,0.7174557407407411,1,0.814650765432099,1,0.4075374687500001,0.38800185937500015,0.5056211224489798,0.4636908518518518,0.8018788055555556,0.65781921875,0.9387323888888891,0.76094553125,0.80547534375,0.18449944444444455,0.23799346938775515,0.3419088800000003,0.2614300987654322,0.5817601200000002,0.3174814800000001,0.7205824400000005,0.40292086000000005,0.45340389000000003,0.055829640625000045,0.1278100816326533,0.42883111111111094,0.16421472839506188,0.5726147777777784,0.3229987222222223,0.4494947600000001,0.29481268750000017,0.21583124913494814,0.26476956250000006,0.2745480781250002,0.5769702500000001,0.30905108641975326,0.7715338125000002,0.4509642653061227,0.6960014800000003,0.3513781400000001,0.3247750088888889,0.5316763469387759,0.44426833333333343,0.8458482800000003,0.4462070909090909,1,0.597551061728395,1,0.728423390625,0.6589658,0.7034100625000002,0.739779640625,1,0.7584893209876542,1,0.9230306093750001,1,1,1,1,1,1,1,1,1,1,1,1
o2-10_gr_e11,A,0,1,0.07675524,0.11997076562500009,0.3690709722222222,0.4149163209876544,0.5247464400000001,0.5770932644628102,1,1,1,0.0734766400000002,0.16244562500000007,0.26854630578512406,0.5992109218750001,0.9100078163265307,1,1,1,1,0.11305881250000017,0.16085118750000013,0.32830660493827163,0.6909586734693879,0.9374370612244899,1,1,1,0.16721722222222185,0.16886081250000012,0.1876196326530613,0.27168747107438024,0.6159302968750001,0.8368181406250002,1,1,1,0.0467410781250001,0.17725500000000016,0.25190666666666667,0.31276165000000006,0.625378828125,0.7690386790123456,1,1,1,0.21607987500000014,0.21143292000000025,0.24782990625000006,0.3661022400000001,0.6249046666666669,0.9278782343750002,1,1,1,0.19756648000000032,0.23054300000000016,0.2864634531250001,0.4047638400000001,0.843120755102041,0.9381232031250002,1,1,1,0.21342536111111135,0.3647499200000002,0.3335494814814816,0.652193448979592,0.7569673437500003,1,1,1,1,0.26181688888888904,0.3249120816326532,0.3795104074074075,0.6797505714285715,0.6803744567901235,0.9453255468750001,1,1,1
o2-10_gr_e12,B,1,1,1,1,1,1,1,1,1,1,0.5270385306122447,0.5194807656249998,0.6638073469387752,0.6909012656249998,0.9104683061224486,1,0.8737608518518516,1,1,0.32320420312499976,0.2966208271604936,0.4157651406249999,0.4539973086419751,0.8403638611111107,0.6220757407407406,0.9281249183673469,0.6759598148148146,1,0.11246592592592572,0.1440343703703702,0.37423681249999996,0.22903612345678992,0.31142629629629615,0.40871251562499994,0.4189207407407406,0.5291408979591835,0.45096769387755087,0.03000830612244867,0.11782727777777761,0.2505078749999997,0.15142670312499978,0.5302918888888883,0.3001136111111106,0.2342489999999998,0.4434503999999997,0.28440497916666657,0.1792030408163263,0.23462419444444413,0.36746995999999976,0.2915282656249998,0.5414724799999997,0.36953020312499985,0.4510528775510202,0.8955912499999996,0.9048254374999999,0.36160733333333306,0.3013522499999998,0.7673173749999994,0.44159849999999984,1,0.5156400617283948,0.551206209876543,1,1,0.4581645714285711,0.43594595312499973,0.8140123999999996,0.5351175925925924,1,1,0.7435874074074071,1,1,0.6838491111111109,0.7041580555555552,0.9941831599999997,1,1,1,1,1,1
o2_gr_e01,C,2,1,1,1,1,1,1,1,1,1,1,1,0.8715124499999995,0.5393970459183671,0.5162680637119113,1,1,1,1,0.3895130027700829,0.4412079722222221,0.39401991003460196,0.45760800694444437,0.2927926978879706,0.6799143799621926,1,1,1,0.1628621419753085,0.17772324382716032,0.26115969387755084,0.2737503727810649,0.26918462825788736,0.4653823920118343,0.9233182711111111,1,1,0.06961940495867744,0.06482654591836715,0.13089129861111093,0.1933038875739643,0.22006360491493368,0.3191515503472221,0.5766643425925925,0.7512608359374998,1,1,1,0.4038804285714282,0.5534455694444442,0.3487068546712801,0.3125311557093424,0.3898575813148787,0.502280588235294,1,1,1,1,0.8592793727810648,0.6225695234375,0.5023640277777774,0.5600300577777775,0.5258909422222222,0.45362207499999974,1,1,1,1,1,1,1,0.7693909642857141,0.6067109238754322,1,1,1,1,1,1,1,1,1
o2_gr_e02,C,2,1,0.9742420800000007,1,1,1,1,1,1,1,1,0.3737485123966944,0.5258555000000001,0.45224240740740757,0.45920985937500025,0.20507894101508914,0.6306214875346261,1,1,0.3406177812500001,0.3832772968750001,0.33754562962962975,0.3814009531250002,0.20113759555555563,0.23446125000000004,0.7787971679687501,1,1,0.16020147,0.20032483950617294,0.2323347037037038,0.24823939506172849,0.1905663760330579,0.3853108202479338,0.8345534285714287,1,1,0.08111404000000011,0.104517917355372,0.17670014,0.17598276888888895,0.24427869754253317,0.5636920355555558,0.6897639511111111,0.8553860969387758,1,0.7054581111111119,0.4505718333333336,0.41214157812500013,0.40302724691358044,0.29380840138408315,0.4440052695312501,0.6090920844444445,0.6985203632812501,1,1,1,1,1,1,1,0.7383978819444446,0.8748589027777778,1,1,1,1,1,1,1,0.8428394266666667,0.76525653125,1,1,1,1,1,1,1,1,1,1
o2_gr_e03,C,2,1,1,1,1,1,1,1,1,1,0.7221125785123971,1,0.7972342839506175,0.6342254600000001,0.33516171224732466,1,1,1,1,0.29933362049861506,0.4386667602040817,0.363596848888889,0.3426170102040819,0.3239375826397147,0.8274129598765433,1,1,1,0.1277956343490306,0.25515797222222236,0.23773988757396472,0.28492042857142874,0.31702701508916326,0.7653752656250002,0.8015982962962964,1,1,0.07530140972222238,0.13359188429752084,0.21888453000000024,0.2009673933518007,0.30912687603305794,0.4550242063492064,0.6644746366782008,0.9771441715976329,1,1,0.49546919444444487,0.7046243469387761,0.8776516326530617,0.4982851300000003,0.3975076297577856,0.47243870987654324,0.6301935951557095,1,1,1,1,1,0.9172333826530612,0.71325296875,0.673907,0.6814658800000002,0.9142355833333334,1,1,1,1,1,1,1,0.7944804532871975,1,1,1,1,1,1,1,1,1,1
o2_gr_e04,B,1,1,1,1,1,1,1,1,1,1,1,1,1,1,1,1,1,1,1,1,1,1,1,1,1,1,1,1,0.2512806400000005,0.30466176543209905,0.40807785937500024,0.33295661111111124,0.800933444444445,0.7773158367346942,1,0.7743228400000005,0.42258671074380183,0.06767315972222236,0.0859192800000001,0.14213742603550308,0.2934661728395063,0.21834189940828408,0.21549879555555568,0.30772401183431963,0.41639772839506184,0.14742677142857147,0.35218529000000015,1,1,1,1,1,1,1,0.31159745775623277,1,1,1,1,1,1,1,1,1,1,1,1,1,1,1,1,1,1,1,1,1,1,1,1,1,1,1
o2_gr_e05,B,1,1,1,1,1,1,1,1,1,1,1,1,1,1,1,1,1,1,1,1,1,1,1,1,1,1,1,1,0.22814919999999939,0.4342998124999997,0.3429629899999998,0.7519564374999992,0.9252618124999997,0.9890093124999996,0.7922943611111108,1,0.5523493541666664,0.0638184444444443,0.08572292361111092,0.14473155621301748,0.2344542222222221,0.23414792857142838,0.3918523599999997,0.35013185204081615,1,0.22156152133194587,0.24197205612244882,0.22561716343490296,0.223935674197384,0.43933214256198333,1,1,1,1,0.8769673066666668,0.33400816322314036,0.40372131519274373,0.6188021882716048,1,1,1,1,1,1,1,1,1,1,1,1,1,1,1,1,1,1,1,1,1,1,1,1
o2_gr_e06,B,1,1,1,1,1,1,1,1,1,1,1,1,1,1,1,1,1,1,1,1,1,1,1,1,1,1,1,1,0.19604787500000012,0.3673731200000001,0.499858166666667,1,0.7869631875000002,1,0.9567618750000003,1,0.2696624100000001,0.06245744444444446,0.09182999305555559,0.17323558677685952,0.21313428994082848,0.30182690909090915,0.3707984444444445,0.39165456000000004,0.4782384400000001,0.23067559122085052,0.16636999750000003,0.2406822991689751,0.23739862962962963,0.4087632986767486,1,1,1,1,1,0.30717625443786983,0.5585243398437498,0.7518656622222225,1,1,1,1,1,1,1,1,1,1,1,1,1,1,1,1,1,1,1,1,1,1,1,1
o2_gr_e07,B,1,1,1,1,1,1,1,1,1,1,1,1,1,1,1,1,1,1,0.8185764355555554,1,1,1,1,1,0.5870976608996542,0.6308542755555555,0.681503841836735,0.3628388686224491,0.2778081250000005,0.23601130612244933,0.8685473055555559,0.9115896666666673,0.9749476875000009,0.4590867190082647,0.5712016100000001,0.5486664583333336,0.2770646718192628,0.06677579338842989,0.08721506944444457,0.1699294600000002,0.24458711570247949,0.26660075739644984,0.3003221155555557,0.3740569693877553,0.5204928541666668,0.21557394775510208,0.22161458024691386,0.2808164687500002,0.5179315277777783,0.6368034775086505,1,1,0.916354431952663,0.7910473316326532,0.49113498412698425,1,1,1,1,1,1,1,1,0.9191537142857145,1,1,1,1,1,1,1,1,1,1,1,1,1,1,1,1,1,1
o2_gr_e08,B,1,1,1,1,1,1,1,1,1,1,1,1,1,1,1,1,1,1,0.5587370158730158,1,1,1,1,1,1,0.5617751688888886,0.6632794082840237,0.3772498563327032,0.28644899999999973,0.5464899999999995,0.3458719999999997,0.5035849999999997,0.3402441157024792,0.4217597024793387,0.439975861111111,0.51863220661157,0.21973353999999995,0.08561221874999998,0.07487424444444435,0.16247080991735524,0.20140165306122443,0.2438216627218934,0.35630278512396685,0.2883463125,0.3986546989795918,0.17111581632653058,0.27892804081632633,0.6434756249999999,1,1,1,1,0.7307716428571427,0.6782088622448978,0.38633015702479334,1,1,1,1,1,1,0.9795253964497042,0.8487663622448979,0.6170857345679012,1,1,1,1,1,1,1,1,1,1,1,1,1,1,1,1,1,1
o2_gr_e09,B,1,1,1,1,1,1,1,1,1,1,1,1,1,1,1,1,1,1,0.5916251399999998,1,1,1,1,1,1,0.6827229171597631,0.5832001511111109,0.36373024319999986,0.46551655555555443,0.29392266666666605,0.5143106874999991,0.8427591111111101,0.5434011111111108,0.4296094399999998,0.436971222222222,0.5977615699999996,0.2520621422222222,0.08479061728395032,0.06981516326530589,0.11155670918367327,0.1991217278106507,0.23805695918367328,0.27020877333333315,0.47532730999999984,0.3875552040816326,0.20195215977961428,0.24230270312499969,0.735155408163265,0.8141739791666663,1,1,1,0.9237445138888887,0.7716183372781066,0.37625815624999986,1,1,1,1,1,1,1,0.9780068639053254,0.74000515625,1,1,1,1,1,1,1,1,1,1,1,1,1,1,1,1,1,1
o2_gr_e10,C,2,0.6447648055555559,1,1,1,1,1,1,1,1,0.22588565306122466,0.31539437333333337,0.37635993074792257,0.8480699467455624,1,1,1,1,1,0.20951633057851252,0.2677121360946747,0.24383244834710752,0.37596936390532554,0.5436215225694446,0.8026637202216067,1,1,1,0.15201261157024812,0.18896842148760348,0.18292101038062294,0.27031519954648536,0.3864550450000001,0.44530530158730164,0.5145806384297523,0.7213300000000001,1,0.0711892777777779,0.09757196938775525,0.13605111834319542,0.2234414319526629,0.264861497777778,0.3119710588235295,0.4120469882812501,0.5523589132653062,0.33732007681755843,1,1,1,1,1,1,1,0.866197201183432,0.35696544233055894,1,1,1,1,1,1,1,1,1,1,1,1,1,1,1,1,1,1,1,1,1,1,1,1,1,1,1
o2_gr_e11,C,2,1,1,1,1,1,1,1,1,1,0.2807934319526626,0.34989812000000003,0.41356883933518007,1,1,1,1,1,1,0.23160590082644616,0.2575178775510204,0.2483882334183673,0.45127705612244895,0.899585982698962,0.9487430622837372,1,1,1,0.15981499,0.14734360355029588,0.22189073979591833,0.2241628943758573,0.4682198355555556,0.8112496111111112,0.7548993727810651,0.7468529257812501,1,0.07692009375000006,0.06151521484375003,0.12752289583333332,0.18702617159763313,0.22486333593749996,0.3169744933333332,0.4618346449704141,0.46924997333333324,0.272165787109375,0.46051925000000005,0.4154539599999998,1,1,1,1,1,1,0.30109651731301934,1,1,1,1,1,1,1,1,1,1,1,1,1,1,1,1,1,1,1,1,1,1,1,1,1,1,1
o2_gr_e12,C,2,1,1,1,1,1,1,1,1,1,0.5774616479591835,1,1,1,1,1,1,1,1,0.26560789500000004,0.3211705248000001,0.5727149845679013,0.830601746666667,1,1,1,1,1,0.1491129777777778,0.21936266358024695,0.1981963653846154,0.3663164903047092,1,1,1,1,0.8541051527777778,0.057867597222222206,0.08969598469387759,0.1529960416666667,0.25370119000000013,0.22426192307692314,0.3284185619834711,0.33225615277777787,0.4564476300000001,0.14658727876397107,1,1,1,1,1,1,0.7934960486111111,0.89135671,0.1753036763848397,1,1,1,1,1,1,1,1,1,1,1,1,1,1,1,1,1,1,1,1,1,1,1,1,1,1,1
o3_gr_e01,B,1,1,1,1,1,1,1,1,1,1,1,1,1,1,1,1,1,1,1,0.767851888888889,0.6100352840236686,0.6181889234693877,0.740493013888889,1,0.9236547199999997,0.91785366,0.9197961299999998,0.6625718061224489,0.42457855555555574,0.20570315624999996,0.2385825501730104,0.3594655277777778,0.44870324000000006,0.45123847222222235,0.3820926734693877,0.4239829644970414,0.2647318326446281,0.08842875999999977,0.061771069999999983,0.10908950413223147,0.2011055308641976,0.5589724375,0.28638366666666665,0.238130125,0.3850717777777778,0.20797029916897508,0.29735469387755115,0.2271795138888889,0.22311911111111116,0.2778262800000001,0.3988333958333334,0.3822668875739645,0.4162480118343196,0.4772418402777778,0.32063860941828254,0.5149601111111112,0.4242910859374999,0.4974219921875,0.5483238666666665,1,0.7172001458333335,0.7221188541666669,0.7284384791666667,0.7369082083333334,1,1,1,1,1,1,1,1,1,1,1,1,1,1,1,1,1,1
o3_gr_e02,B,1,1,1,1,1,1,1,1,1,1,1,1,1,1,1,1,1,1,1,0.9577364531250003,0.7863303057851245,0.6303468877551024,0.9020657500000003,1,0.7612019444444446,0.7564233402777781,0.755603368055556,0.9989309753086422,0.3333581481481484,0.2739490347222224,0.3004311887755104,0.37253712426035535,0.44610616528925645,0.43107141420118356,0.40333186224489814,0.4028788622448982,0.33773954671280293,0.05216472727272749,0.10119001000000016,0.12159817361111137,0.21706058000000028,0.8455740000000008,0.32188471604938296,0.29500810743801675,0.4697677812500004,0.21258869250000015,0.29127370370370403,0.2423719881656807,0.2362475000000002,0.32425689285714304,0.5010386100000002,0.39303753571428596,0.44799528402366884,0.5135655625000002,0.3118721201814059,0.9337857959183676,0.42742933217993095,0.5625268622222224,0.6845168520710061,1,0.7590897083333336,0.7633901458333336,0.8467769090909094,0.694144867346939,1,1,1,1,1,1,1,1,1,1,1,1,1,1,1,1,1,1
o3_gr_e03,B,1,1,1,1,1,1,1,1,1,1,1,1,1,1,1,1,1,1,1,0.4053444023437502,0.5628043491124262,0.79361714,0.7544348677685951,0.7300802291666668,1,0.7871728016528927,0.7325342013888889,0.7071521715976334,0.18190235502958596,0.25478312500000017,0.24932737109375014,0.302448608888889,0.30911750781250025,0.6496456875000003,0.48748861805555577,0.4907962638888891,0.3801929257812502,0.06410100000000019,0.1490614166666671,0.12689884000000018,0.18994270000000027,0.38469988888888906,0.4518207500000002,0.2696165537190085,0.3306650800000002,0.23757680078125018,0.2176499230769233,0.3734001975308645,0.22908302734375016,0.3163708934911244,0.2905609140625001,0.5397466913580251,0.42077206944444473,0.42883510416666687,0.24209339256198353,0.7437853456790126,0.6246748579881657,0.6147492653061226,0.7757046363636366,0.625412617346939,1,0.733446888888889,0.7228579236111112,0.7267346944444446,1,1,1,1,1,1,1,1,1,1,1,1,1,1,1,1,1,1
o3_gr_e04,C,2,1,1,1,1,1,1,1,1,1,0.4276909166666667,0.4859780059171597,0.6241549526627219,1,1,1,1,1,1,0.36048275,0.42881378000000014,0.37704506228373696,0.5004647685185185,0.7875715022222223,1,1,1,1,0.24132259000000006,0.304268328125,0.23668239111111117,0.31077217728531864,0.4365730401234567,0.7066409053254439,0.6178027500000001,0.7464718775510206,1,0.066119640625,0.11177376000000006,0.18076396000000003,0.23249707638888897,0.31750170833333335,0.36632914583333337,0.3949311538461539,0.45108167346938777,0.47511823469387743,1,0.302885112244898,0.3033389453125,0.3207640663265307,0.313466193877551,0.8517196399999998,0.39106519008264456,0.588785078125,0.3008631135734073,1,1,0.7641569236111112,0.6276306020408162,0.5700741911111114,0.6818068194444444,0.5416413571428572,0.5251949540816327,0.284552696,1,1,1,1,1,1,1,1,0.5339650246913582,1,1,1,1,1,1,1,1,1
o3_gr_e05,B,1,1,1,1,1,1,1,1,1,1,0.5630617,0.950802138888889,0.8124230937500001,0.8641061250000001,1,1,1,1,1,0.35212164462809925,0.3684695950413224,0.43890119834710745,0.5341085700000001,0.7523373125,0.8385419375000002,0.70561567,0.6235193263888891,0.7004257685950414,0.20822751000000006,0.19975313223140503,0.2941502400000001,0.29578920833333333,0.651828138888889,0.41980268595041315,0.4966804200000001,0.51428941,0.472178923076923,0.07039834374999998,0.07233282716049386,0.13778347933884302,0.33999411111111116,0.34856728571428564,0.3047835185185187,0.3975646093750001,0.39027382716049386,0.2715043175,0.26484107612456764,0.22721520500000003,0.2768909567901235,0.34542708163265307,0.5172721111111112,0.40236640625,0.37374567000000003,0.38947532,0.2866867577854672,1,0.7805557455621304,0.7390916122448978,0.6377998996539794,1,1,1,0.69656951,1,1,1,1,1,1,1,1,1,1,1,1,1,1,1,1,1,1,1
o3_gr_e06,B,1,1,1,1,1,1,1,1,1,1,1,1,1,1,0.9694989387755099,1,1,1,1,0.3670405266272189,0.5691205679012343,0.5834158148148146,0.5305102799999998,0.6144651975308639,1,0.7170081718749998,0.7089149218749998,0.3688968594104308,0.22487457851239653,0.24121787603305767,0.27240082644628083,0.3333233999999999,0.33167699999999983,0.6748142499999997,0.37449347107437997,0.41079124999999983,0.19597999511718742,0.10350999999999984,0.06372936805555537,0.1767470937499999,0.1678307603305784,0.3503959444444442,0.6004294999999993,0.3199198906249997,0.336228234375,0.16707371005917152,0.393952818181818,0.23194572249999984,0.23829821499999995,0.3224114218749998,0.26319432179930785,0.49238164062499984,0.3099399940828402,0.3309227799999999,0.21172892797783927,0.9594215206611572,0.8850332152777776,0.75255793877551,0.7550225357142855,1,1,0.9408604545454545,1,0.6814253799999999,1,1,1,1,1,1,1,1,1,1,1,1,1,1,1,1,1,1
o3_gr_e07,C,2,1,1,1,1,1,1,1,1,1,0.811690796875,1,1,1,1,1,1,1,1,0.20020419135802475,0.2520132493074792,0.4860949289940829,0.6205963055555556,0.7104987986111111,0.6827803571428573,0.7060709155555557,0.9899615902777779,1,0.19098692000000006,0.14551809000000004,0.2058903877551021,0.2449855688888889,0.3669632806122449,0.4156874533333333,0.5336244030612246,0.88581623,0.6388401022222222,0.07122075308641973,0.071936,0.11796479687500001,0.18311929629629625,0.27871885,0.2764045384615385,0.3430015816326531,0.6583585185185186,0.30460169618055555,0.5375338000000003,0.21608721799307962,0.28141515384615384,0.37117139669421495,0.29421103515625,0.3066662193877551,0.40278688429752074,0.7485808055555556,0.2095206211734694,1,0.5173205859375,0.6094118928571429,1,0.7525631666666666,0.6648551124260355,0.637509,0.74968024,0.2459338571428571,1,1,1,1,1,1,1,1,0.5513444498269896,1,1,1,1,1,1,1,1,1
o3_gr_e08,B,1,1,1,1,1,1,1,1,1,1,1,1,1,1,1,1,1,1,1,0.3576473112244899,0.38126772000000003,0.5173070414201184,0.6644102809917355,0.8518357530864199,0.909968518518519,0.8586436000000001,0.7546309166666667,0.8498133719008266,0.23559575510204087,0.2108545625000001,0.23388213333333335,0.3307783846153847,0.3938958333333335,0.4910605123966943,0.5033503611111112,0.6051084462809919,0.4247885467128028,0.03923855555555562,0.08959959000000012,0.11846679000000009,0.211491,0.40783883673469407,0.4198749218750001,0.43450538271604955,0.45346840000000016,0.2761193475,0.40606829687500007,0.23680333984375013,0.2495898808864266,0.2787173130193907,0.405969,0.41684531111111117,0.3866508867187501,0.41432146222222216,0.2532091232,0.49314102076124566,0.5804377109374999,0.8450140763888889,0.9133869722222221,1,1,0.8420508047337278,0.6600993242187498,0.6032702664359864,1,1,1,1,1,1,1,1,1,1,1,1,1,1,1,1,1,1
o3_gr_e09,C,2,1,1,1,1,1,1,1,1,1,0.3294149917355374,0.6460633593750001,0.8213937968750001,0.6499722291666669,0.7819329861111113,0.9920675289256199,1,1,1,0.3587783055555559,0.18082041015625008,0.29495274222222234,0.5360683305785127,0.6198965833333334,0.6842018698224857,0.779497147928994,0.8453116581632654,1,1,0.113687555555556,0.11383341326530627,0.21087457333333345,0.29760853515625013,0.5101045088757399,0.6320226449704146,0.8203122500000003,0.8990479236111111,0.6599960000000016,0.07370500000000013,0.07349846000000021,0.218028591836735,0.24559048611111126,0.41876477685950436,0.5407736111111113,0.621435680473373,0.5110507950000001,1,0.40177783673469425,0.19901678515625013,0.29779820118343214,0.3861619900000003,0.3917645138888891,0.5610185100000002,0.7718847407407412,0.41820896074380176,1,0.4559677265625,0.5798203775510206,0.6156863600000002,0.7096848472222224,0.54499883203125,0.5642458000000001,0.6466900591715978,0.4001252881944444,1,1,1,1,1,1,1,1,0.6669950173010382,1,1,1,1,1,1,1,1,1
o3_gr_e10,B,1,1,1,1,1,1,1,1,1,1,1,1,1,1,1,1,1,0.9892073906250005,0.8486251975308646,1,0.8756931604938276,0.9776814062500006,0.9733225312500001,0.8632139012345684,0.7018769421487606,0.9389485781250003,0.7783973086419755,0.3105540725623585,0.3615608765432102,0.35917085950413236,0.3772635555555557,0.3150262755102043,0.3194698928571431,0.4028263750000001,0.8160099444444449,0.40867251388888903,0.2098042361111112,0.06355466000000015,0.09862346913580272,0.14256413223140516,0.3029345918367351,0.36068002040816366,0.2819810000000002,0.3245933950617287,0.4806380612244902,0.1926007125000001,0.30505661157024827,0.24430644888888908,0.40222655371900845,0.30888835555555577,0.3547268571428573,0.3825912602040818,0.6509630937500005,0.4785210347222224,0.26084383057851246,0.5299528800000001,0.8250529900000001,0.7150033680555556,0.6754987100591716,0.8858729500000001,0.7678125069444445,1,0.6633232142857146,0.515752733564014,1,1,1,1,1,1,1,1,1,1,1,1,1,1,1,1,1,1
o3_gr_e11,B,1,1,1,1,1,1,1,1,1,1,1,1,1,1,1,1,1,0.8799427160493823,1,0.7501143799999999,0.800102694214876,0.6116280969387753,0.7082866319444444,0.8979460123456788,0.8535463950617282,0.6316212975206609,0.6982746543209873,0.49131864285714255,0.34583805785123944,0.28833091326530597,0.28506906222222206,0.33175978571428566,0.3326901989795916,0.5146864320987652,0.37621461805555534,0.38997727272727256,0.2051073420138888,0.06812032812499973,0.07490414876033043,0.13855321487603284,0.326993444444444,0.28686946874999975,0.49663523999999976,0.23636585123966927,0.38986306249999964,0.1829262665289256,0.18910742222222207,0.23665690666666656,0.28558389795918354,0.2811340156249999,0.3951219791666664,0.5156093099999998,0.3954030059171597,0.47841822314049565,0.3278999965397923,0.45418476171875,0.6205632721893491,0.581408795918367,0.6398893846153844,0.7047651666666668,1,0.6996833263888887,0.6468741736111109,0.7056121157024792,1,1,1,1,1,1,1,1,1,1,1,1,1,1,1,1,1,1
o3_gr_e12,B,1,1,1,1,1,1,1,1,1,1,1,1,1,1,1,1,1,1,0.8531411358024691,1,1,0.8571587654320991,0.7127153719008266,0.7296697190082646,1,0.6747073471074383,0.5628052847222225,0.21789297714681446,0.5469593888888892,0.27987418877551035,0.31639208875739666,0.30372743367346955,0.314024530612245,0.91489332,0.3961201388888891,0.3910464791666668,0.15595456250000006,0.05569720987654333,0.09861481250000018,0.16169465432098787,0.16535683471074392,0.3620437222222224,0.6127620000000007,0.2622610700000001,0.2761468000000001,0.16904884917355378,0.23194040444444458,0.4406445679012349,0.26591561777777795,0.28743764843750014,0.315687648888889,0.5866035000000002,0.35854088265306133,0.39720020138888895,0.1996560208000001,0.48675207266435994,0.9468780246913585,0.6026640102040818,0.7293155833333335,0.7267054861111112,1,0.6937131875000001,0.6461632222222224,0.6960066446280994,1,1,1,1,1,1,1,1,1,1,1,1,1,1,1,1,1,1
o4_gr_e01,A,0,0.5956739999999998,0.7179829999999998,0.5233608125000001,1,1,0.6200331599999995,1,0.8102617199999999,1,0.15366599999999977,0.20146135999999987,0.24839596874999978,0.24059401234567887,0.45287977777777755,0.3109771799999998,0.5832260555555553,0.39799500826446266,1,0.10971778999999987,0.26500349999999967,0.30196269444444435,0.2466355802469134,0.33176296296296276,0.5825189444444444,0.4435547654320987,0.42626978512396685,1,0.10317375999999989,0.22077411111111056,0.2825119444444442,0.24556450617283934,0.3337870370370369,0.6103353055555556,0.42268511999999986,0.5148828299999999,1,0.06126973553718999,0.10179001999999983,0.15914814814814798,0.22274706999999985,0.30922496000000005,0.4435504074074073,0.6059890624999997,0.5581746799999998,1,0.0993943223140495,0.26325469444444405,0.19238414049586766,0.3274015555555554,0.3974233456790122,0.5469191093749998,0.5765593209876542,0.6731852098765431,1,0.16179681249999983,0.20960390999999984,0.3259348765432097,0.3633933799999998,0.4384549499999998,0.6422567656249999,0.8317320204081632,0.7261378641975309,1,0.1777778999999998,0.2536580578512395,0.3370284710743801,0.4959301111111109,0.5141560499999999,0.6537804197530863,0.7809482031249997,0.7897379135802468,1,0.15200851557093417,0.27325742346938764,0.3626461952662721,0.39222863775510186,0.6094554899999999,0.5946258842975203,0.6367883388429751,0.6783687603305785,1
o4_gr_e02,A,0,0.7453052500000015,0.63795,0.4758761875000003,1,0.5685871600000005,0.8453701250000001,0.7479285600000007,0.7409681944444448,1,0.12302788000000027,0.19666029629629658,0.22453323437500033,0.27878265625000026,0.3210390864197533,0.4808163469387758,0.38415899000000026,0.47179401000000026,1,0.09546480991735555,0.24214744444444464,0.2838376111111115,0.2574282222222225,0.3856195625000003,0.42253535802469167,0.6116337142857144,0.4369180416666669,1,0.0670244615384617,0.20593369444444468,0.2754600277777781,0.2548529259259262,0.39571956250000023,0.4439024691358027,0.6057666875000003,0.7134785781250003,1,0.04151438265306137,0.08432066115702494,0.20335906250000024,0.26469841975308667,0.3383367200000002,0.4014271487603308,0.5814583086419756,0.8697645714285716,1,0.06998728402366881,0.2514462222222227,0.2143763800000002,0.34678004938271617,0.40766707000000024,0.5030634300000003,0.5988797200000002,1,1,0.07711636686390555,0.18055827272727296,0.2710182727272729,0.3609829752066118,0.4480447272727275,0.6486285432098766,0.7368153827160497,1,1,0.13613995041322338,0.24192466942148777,0.3757421500000002,0.4722978900000003,0.6249808395061732,0.7968670312500002,0.71262151,1,1,0.12664412109375017,0.21765043750000015,0.3297417091836736,0.40351024489795934,0.4696070408163268,0.5988598472222223,0.6609841527777779,1,1
o4_gr_e03,A,0,0.26293200000000044,0.3625128055555559,0.4754978888888894,0.5980096388888894,1,0.5775009687500005,1,0.5983771400000002,1,0.10599200000000032,0.22515114814814838,0.3093689629629632,0.3562958200000003,0.7026801666666671,0.4257620082644632,0.8783565555555558,0.5526990826446284,1,0.057384214876033256,0.15977192000000018,0.2632834074074076,0.37552898437500026,0.3778376800000003,0.5123541604938274,0.8785725833333338,0.5098731111111113,1,0.03505171555555572,0.1522976530612248,0.15373457024793413,0.26153104000000027,0.35388451000000026,0.5505335468750002,0.7322613061224494,0.55282705785124,1,0.03891187000000024,0.07863956790123472,0.17120529629629655,0.3008008906250003,0.4527809795918371,0.4480162469135806,0.5497401234567904,0.6575989135802472,1,0.051769933884297716,0.17986144444444496,0.1661089900000002,0.2557612600000002,0.38273233333333356,0.5293977968750003,0.6192093437500004,0.5773977300000002,1,0.061008222222222505,0.19535891836734726,0.21645493827160517,0.2758987800000003,0.40828835802469166,0.4999434814814819,0.8483988611111116,0.6373309876543213,1,0.06254002000000025,0.16453525000000024,0.27973917283950656,0.40200939062500035,0.427097740740741,0.5100821111111113,0.855998916666667,0.6378100370370373,1,0.09737030000000017,0.1900547900000002,0.2821670600000003,0.3337487685950416,0.5529991875000003,0.6039254062500005,0.7649712857142859,0.7279677343750003,1
o4_gr_e04,A,0,1,0.3450416666666666,0.5815764375000001,0.6602621249999999,0.6815486874999999,0.4818635,0.483142,0.7130311249999997,0.7412382399999998,0.5205381875000001,0.23295670312499994,0.2089747654320987,0.22783129629629625,0.38979311111111087,0.4216540277777778,0.456197527777778,0.46441063888888884,0.3149012421875,0.5428662222222219,0.23294819444444415,0.24778224999999982,0.2606779591836735,0.25784709374999987,0.4098080833333334,0.3192795679012345,0.33914604938271603,0.21647767107750465,0.3687701874999998,0.18962788888888882,0.21573780555555538,0.2710522777777777,0.22478332098765422,0.37848924489795904,0.3405617283950616,0.46346814062499997,0.24887772727272722,0.08275820312499994,0.08150341999999995,0.14023709374999987,0.22378928124999986,0.25821019753086416,0.28286073553719,0.38717952999999994,0.4962069876543209,0.3107829297052154,0.24183206122448977,0.20655846874999992,0.18812561157024787,0.28487719999999994,0.28247323076923075,0.35264314201183433,0.4492947916666666,0.5055033749999999,0.6457021597222221,0.2864637283950617,0.26627817999999986,0.3000557569444444,0.3525122857142857,0.46158375739644975,0.5785244513888889,0.653097,0.6619482499999999,1,0.4768189062499999,0.4079947099999999,0.3846404285714286,0.5438432189349112,0.601405719387755,0.773851736111111,1,1,1,0.6838451020408165,0.5689306790123456,0.8047327187499999,1,1,1,1,1,1
o4_gr_e05,A,0,1,0.8203307777777785,0.9179823333333342,0.41660791836734734,0.4841058611111117,0.7121588750000005,0.7042501250000006,0.430711305555556,1,0.2512766875000004,0.21759116049382743,0.2650660000000004,0.3942296666666672,0.4125955833333336,0.43614388888888944,0.45138952777777813,0.24659603305785152,0.5268021735537193,0.2668969722222225,0.23712663888888932,0.21787167187500037,0.1948468400000002,0.3711932777777781,0.4164007500000005,0.3551647812500003,0.22911126627218956,0.3816048775510207,0.20881441666666728,0.19498458333333385,0.22932305555555593,0.24605051020408195,0.2551058125000002,0.42181636111111154,0.3275941728395065,0.37497653086419774,0.4443407013888889,0.06399845000000026,0.07563749586776887,0.1437333750000003,0.21947493750000024,0.31613461224489836,0.26400808264462844,0.4080430987654325,0.34532337500000027,0.48748043750000025,0.21135842187500034,0.2071820937500004,0.24676567187500034,0.2181854791666669,0.3163209421487606,0.32585199408284055,0.5018930700000003,0.40719328571428587,0.8763837968750003,0.2858175432098769,0.21453693750000022,0.2906698333333335,0.35773695857988186,0.46096784722222245,0.5279186180555558,0.5825129305555559,0.60621726035503,1,0.3564275300000004,0.3497697685950416,0.3603928367346941,0.5824207355371902,0.6288528541666669,0.6664890769230771,0.9401562600000002,0.6944054183673473,1,0.8036879166666672,0.44157376859504155,0.6002391600000003,0.9339511718750004,1,1,1,1,1
o4_gr_e06,A,0,0.6252580000000008,0.6657252500000006,0.7304757500000009,0.34079125925925946,0.4370337346938779,0.5162166111111116,0.5144464722222226,0.4988313611111116,1,0.24278766666666696,0.26356743750000033,0.2479077901234571,0.42361652777777825,0.4515078333333337,0.4835846388888892,0.37808459375000036,0.3712187187500003,0.49655617361111126,0.20224980000000023,0.2649155833333338,0.31019233333333396,0.1931581900826448,0.4180973888888893,0.481397666666667,0.3189736600000002,0.48217559183673503,0.31638694736842116,0.20175991836734736,0.22048844444444485,0.26394666666666733,0.2505897656250004,0.35264148979591875,0.3410165679012348,0.5312958571428575,0.4497481728395064,0.3697145847750867,0.05550132638888915,0.1071521400000003,0.21200969387755142,0.21185395000000032,0.32932593827160517,0.4113084814814819,0.36973120138888915,0.47332255371900855,0.5387896071428575,0.23999459183673524,0.23111050000000033,0.22185330578512433,0.27347634027777806,0.35398404166666686,0.42807053472222234,0.5061643055555557,0.5738554378698228,1,0.23130715702479354,0.2877890300000003,0.3211783254437872,0.37815830612244916,0.4428594044444445,0.5876045266272192,0.7523802148760335,0.660753848888889,1,0.2766417692307695,0.4127767100000002,0.40677013775510223,0.538782397959184,0.7538468611111113,0.7770802721893493,0.9354685702479342,1,1,0.5768367187500003,0.5638850370370373,0.8377493281250004,1,1,1,1,1,1
o4_gr_e07,A,0,1,0.08759322222222335,0.31720575000000056,0.5251633333333339,0.7616765555555566,1,1,1,1,1,0.023851568047337485,0.15004311111111154,0.15200102000000032,0.25311328395061766,0.45512772222222253,0.45853936734693906,0.3496271700000003,0.3297216683673471,1,0.06645535802469155,0.14784629687500028,0.24726767346938808,0.2163467933884299,0.4382748163265311,0.34878266000000024,0.4720179506172843,0.34329203515625023,0.22329725000000025,0.14553475000000024,0.13420151000000027,0.31820938888888917,0.2832149629629632,0.3405797400000003,0.4301205300000003,0.564742728395062,0.3824656089965399,0.08318109876543239,0.12115275000000025,0.16384846913580262,0.22961665000000028,0.31114135000000026,0.36935552892562007,0.4713706363636366,0.5665877603305789,0.6217001666666669,0.1742731406250004,0.18828664062500036,0.25166516049382737,0.3125838100000003,0.4127687000000003,0.42611469444444466,0.5671247851239671,0.6269469583333336,0.9354935308641978,0.26808045312500034,0.22975630578512415,0.25823547448979606,0.3626179467455624,0.521310363636364,0.5564448194444447,0.7714054700000003,0.6743067810650889,1,0.29887204166666687,0.3357412847222225,0.38452657653061234,0.5991598677685951,0.6717762314049589,0.7344970165289257,0.8170632561983473,0.9955811999999999,1,0.37238286111111135,0.5229071600000004,0.7540592222222225,1,0.9549239259259261,0.9353379900000001,1,1,1
o4_gr_e08,A,0,0.15508328125000023,0.2688813593750004,0.5845050000000007,0.6650989200000004,0.4907906562500004,0.4595657777777781,0.7463696388888893,0.5680108271604941,1,0.08564688888888915,0.21308159375000033,0.2563269876543214,0.3336036172839509,0.42061226562500037,0.6425349444444447,0.41817364000000035,0.5694353209876547,1,0.10054525000000045,0.139124679012346,0.22752735802469173,0.36142640816326577,0.3475138148148151,0.619313055555556,0.46741604938271625,0.5794351358024693,0.8847256122448983,0.08345447107438039,0.11023363000000025,0.27827638888888917,0.22337085000000023,0.3374836666666669,0.6180362777777781,0.43123473000000034,0.5950042469135806,1,0.04454765972222233,0.09976061000000032,0.2201362653061228,0.2451278641975312,0.3049408900000002,0.43730709876543233,0.6032602656250002,0.5764047400000002,1,0.09248803472222243,0.24138236111111155,0.2043567100000002,0.26681897000000027,0.3662040123456793,0.45759471604938307,0.4991583300000003,0.657781703703704,1,0.18403228000000027,0.2250177800000002,0.33798517283950646,0.36472347000000027,0.461953691358025,0.6797098367346942,0.5821459876543212,0.6819795185185187,1,0.2648588500000003,0.35024771604938293,0.4055663400000002,0.5233241111111114,0.5596260370370374,0.6557184218750005,0.9520666666666668,0.7088933703703708,1,0.5955478800000005,0.4836732244897962,0.730547555555556,0.8578885277777784,0.9590295555555559,0.7511141406250004,0.6913650987654323,0.990679816326531,1
o4_gr_e09,A,0,0.17456399999999928,0.12304899999999973,0.614865249999999,0.5752871111111113,0.35253093877550984,0.7782082499999996,0.5713371666666665,0.9782396249999995,0.8377541388888887,0.046743388888888696,0.05508883950617259,0.18179197959183654,0.21871228124999975,0.24562620999999984,0.5034128055555553,0.31775513223140484,0.479853172839506,0.5900720123456789,0.06356971874999966,0.10508693877551009,0.14620240999999984,0.36000419444444404,0.2677368899999998,0.42947653124999974,0.4576938765432097,0.4170180833333331,0.8899294285714282,0.1548214374999998,0.19420127777777763,0.1582000099999999,0.2652542839506171,0.3538495308641973,0.3908797199999999,0.443449297520661,0.5009453541666665,1,0.07337487999999981,0.13411762999999982,0.19485107407407382,0.2628997899999998,0.36220062999999975,0.5188720987654319,0.5239068595041321,0.6375713553719007,1,0.15441856790123434,0.16105556999999981,0.24787372999999982,0.3115679586776858,0.3796427013888888,0.515189991735537,0.7420665925925922,0.6121945029585798,1,0.20536757812499976,0.27645912345678986,0.2869971242603549,0.38259373964497034,0.5962573199999999,0.5706159930555555,0.6516603680555555,0.7502188194444444,1,0.2633252499999998,0.2767231538461538,0.4709102066115702,0.5775522148760329,0.7851137037037036,0.7199822892561982,0.8813631599999998,0.8995311818181815,1,0.29965732638888876,0.45280599,0.5004137777777776,0.7400426,0.8156355799999997,1,0.9609376199999998,1,1
o4_gr_e10,A,0,1,0.5284841600000004,0.4991212968750003,0.8834064693877555,0.8344357099999999,1,1,1,1,0.1934451487603308,0.20823689000000023,0.2233165066666668,0.37333592444444463,0.6822046115702483,0.7441765972222223,0.9685416200000005,1,1,0.2609278163265308,0.1892099629629633,0.2175140555555558,0.3169715102040818,0.5279164861111115,0.5763626213017755,0.6989025069444446,1,1,0.2737105200000005,0.20445080555555592,0.17685553000000026,0.21306286224489812,0.3168373066666668,0.5301945950413226,0.5540143750000003,0.8315862962962967,1,0.049631968750000165,0.07695045138888909,0.13143190123456813,0.20111726000000021,0.28706733057851264,0.35704389583333357,0.5425896300000004,0.4901946508875742,1,1,0.23129086111111163,0.23086072222222295,0.22908823437500025,0.29787696296296323,0.41035813580246944,0.5137414938271608,0.6338018750000005,0.6403665925925928,1,0.22374153086419787,0.2583884444444449,0.20126287000000026,0.3453904687500004,0.43790546875000025,0.5120989531250003,0.6548915918367352,0.3545963007812501,1,0.2680143900000003,0.23591887654321017,0.28096329687500043,0.29063086000000027,0.560327666666667,0.3964173300000003,0.5355006562500003,0.40717538888888916,1,0.43893044897959216,0.3602299531250004,0.30032167000000026,0.4706676734693882,0.47340500000000035,0.6599435277777782,0.6943371111111116,1
o4_gr_e11,A,0,1,0.4195049999999999,0.25594837499999984,0.3989324489795916,1,1,1,1,1,1,0.17223580246913572,0.2887615000000001,0.1969227295918367,0.42127890277777774,0.588892625,0.8437482300000002,1,1,0.3361488800000001,0.18378510204081622,0.28288783333333334,0.19681068877551014,0.41718319444444446,0.5578874166666665,0.77178193,1,1,0.24006619444444438,0.2096150833333333,0.26722608333333336,0.2766902469135803,0.2908153022222222,0.5244315289256198,0.6140508181818181,0.92711784375,1,0.03193357333333329,0.10716233999999995,0.19180935937499988,0.25672082716049366,0.3195318429752066,0.43019147933884294,0.644709111111111,0.6329180909090909,1,0.24987085714285712,0.2774582499999999,0.2830476326530611,0.2431184799999999,0.33498428999999996,0.48593507407407405,0.5286820699999998,0.6166943599999999,1,0.3429698888888888,0.20990371074380157,0.31824196875,0.32203548999999987,0.48941892187499986,0.6519910612244898,0.51567618,0.7428886562499999,1,0.3687469090909091,0.32334875206611563,0.3377615206611569,0.513054078125,0.4923931481481483,0.8325035555555557,0.5194108799999999,0.6730321851851853,1,0.6995425714285715,0.9441578800000001,0.6793241632653061,0.6194840156250001,0.5128201400000001,0.4742826611570247,0.6665429218749997,0.6935117812499999,1
o4_gr_e12,A,0,0.4915241200000005,0.5435798400000005,0.47359301562500034,0.5772052100000004,0.9569897968750001,0.8975997100000004,1,1,1,0.20087848760330604,0.27137298437500035,0.30273614876033084,0.4074196449704144,0.6401774132231408,0.8102058700000003,1,1,1,0.14869528994082862,0.2847147500000006,0.2128205416666669,0.311597198979592,0.4945549513888891,0.7051658200000003,0.7023563388429757,1,1,0.18074207812500026,0.23161025000000032,0.2226403333333335,0.2458044023668642,0.3880633611111114,0.5140210082644631,0.5917967024793391,0.9128668906250004,1,0.0360628520408165,0.11506976543209915,0.21073675510204112,0.24570171604938307,0.3058116776859507,0.4455231500000002,0.6747023281250004,0.6195331500000003,1,0.3521407500000004,0.21814563888888946,0.24039597222222284,0.22796061728395092,0.33625204938271624,0.40438732000000027,0.6044378125000005,0.5294555200000004,0.7658909753086423,0.9810135000000011,0.19615904938271633,0.24545600000000053,0.20664169000000027,0.4116096122448983,0.38220551851851886,0.4129282500000002,0.7381615000000005,0.4344938165680475,1,0.17159239053254463,0.23971087500000032,0.24730376543209906,0.4732355000000005,0.3646474320987657,0.6307656388888894,0.4418430617283953,0.42558943000000027,1,0.38242016326530653,0.4367402777777781,0.5544134800000005,0.5059256944444449,0.6823167200000005,0.9272290000000006,0.9723050000000008,1
o5-01_gr_e01,B,1,1,1,1,1,1,1,1,1,1,1,1,1,1,1,1,1,1,1,1,0.6316466454293629,0.7181387932098765,1,0.9997928010204082,1,1,1,1,0.34475558203125006,0.2843072520661157,0.30641065909090914,0.5941151065088756,0.672455219387755,1,1,1,1,0.0747992533333333,0.07989108593749994,0.14686283673469386,0.20133957638888886,0.29282692999999993,0.19635820888888886,0.27940045138888875,0.25601378666666663,1,0.2211443802083333,0.3272825955555556,0.3039876640625,0.32359987999999995,0.34136405078125004,0.3514873407202217,0.48469072916666656,1,1,1,1,1,1,1,0.8060066920415224,1,1,1,1,1,1,1,1,1,1,1,1,1,1,1,1,1,1,1,1,1
o5-01_gr_e02,B,1,1,1,1,1,1,1,1,1,1,1,1,1,1,1,1,1,1,1,1,1,0.7219556640625,1,1,0.9808813195266273,1,1,1,0.2664379387755102,0.3158629974999999,0.3539554681440443,0.6558009861111108,0.3419794897959184,0.363494293628809,0.40545934259259253,1,1,0.08431279081632645,0.07237769529085865,0.16184524260355024,0.21405687499999995,0.24341277685950405,0.19158975999999997,0.28398901388888875,0.2733335111111111,1,0.45804183333333315,0.41469886805555545,0.43915293877551004,0.44217448469387755,0.33233395370370356,0.5027339112426035,0.3041824359861591,1,1,1,1,1,1,0.8087859653979238,0.8506269777777776,1,1,1,1,1,1,1,1,1,1,1,1,1,1,1,1,1,1,1,1,1
o5-01_gr_e03,B,1,1,1,1,1,1,1,1,1,1,1,1,1,1,1,1,1,1,1,1,1,1,1,1,1,1,1,1,0.4083297933884294,0.5014556446280989,0.40909582352941165,0.45956310380622817,0.46473271484375,0.4090966512345678,0.4067756141975308,1,1,0.07109252343749986,0.07308695238095225,0.1573264846938774,0.20442565972222196,0.3656587187499998,0.17695673010380605,0.23489219111111093,0.24841607812499988,1,0.2706424030612243,0.343128511111111,0.29632288429752046,0.36719650865051895,0.3203203157894735,0.5133765663265304,0.4615717857142854,1,1,1,1,1,0.7801375328719723,1,0.8166545155709342,1,1,1,1,1,1,1,1,1,1,1,1,1,1,1,1,1,1,1,1,1
o5-04_gr_e04,D,3,0.2695794791666669,0.31408011242603573,0.3795708047337281,0.32133765280000004,1,1,1,1,1,0.25855302469135827,0.28428414049586803,0.41393007000000037,0.4158283074792245,1,1,1,1,1,0.24035401562500042,0.29854010937500036,0.3496393800000003,0.41132234013605445,1,1,1,1,1,0.12803862962962986,0.19023970000000023,0.2884180300000004,0.30935061950059467,1,1,1,1,1,0.0816007187500003,0.10813496527777801,0.23685156944444466,0.2935740121107267,1,1,1,1,1,0.17906816049382746,0.2294424567901238,0.29182857000000023,0.3281281843043996,1,1,1,1,1,0.27242955102040844,0.28111139062500023,0.3388639629629633,0.43426593572778854,1,1,1,1,1,0.22492170370370396,0.3395855306122453,0.38821746875000035,0.4523309453125002,1,1,1,1,1,1,0.9206817777777789,1,1,1,1,1,1,1
o5-04_gr_e05,D,3,0.08863046938775518,0.1324411005917161,0.20361216666666676,0.42208084210526325,1,1,1,1,1,0.10292425925925944,0.23907546938775523,0.3167372900000002,0.34939764000000006,1,1,1,1,1,0.2267014166666669,0.2569616530612246,0.28551602000000015,0.33088965972222223,1,1,1,1,1,0.10989322222222225,0.19609402040816343,0.23200837000000007,0.299810376,0.810210939058172,1,1,1,1,0.07018398611111126,0.11494061728395079,0.16894547916666677,0.2282285573921029,0.7794082700000001,1,1,1,1,0.20651287654321007,0.3133435555555559,0.2922535000000001,0.2736381900826446,0.5917405822306238,1,1,1,1,0.2996090937500002,0.35724361111111136,0.3099555308641978,0.401462570247934,0.471268544,1,1,1,1,0.3220661604938273,0.6406563125000004,0.29588157000000015,0.41754350000000007,0.5783457439446367,1,1,1,1,1,0.8806563333333338,1,0.8802158000000004,1,1,1,1,1
o5-04_gr_e06,D,3,0.04400562000000008,0.13743785937500008,0.3623985390625001,1,1,1,1,1,1,0.10018576562500033,0.2779324489795919,0.28902040484429065,0.49828376562500015,1,1,1,1,1,0.11147435802469147,0.2957611388888894,0.2740554140625001,0.47092077810650895,1,1,1,1,1,0.10912325925925938,0.20195878125000027,0.24063213148788937,0.44290013313609466,1,1,1,1,1,0.06953314876033072,0.16743201562500015,0.19734282031250014,0.30541408000000003,1,1,1,1,1,0.21779429687500024,0.25354418750000024,0.2995255100000001,0.3083109766666666,1,1,1,1,1,0.2279026790123458,0.6348535000000006,0.3138043600000002,0.361787743801653,1,1,1,1,1,0.41202600000000034,0.4726865833333336,0.4440276406250002,0.44941288194444456,0.7537463111111112,1,1,1,1,1,0.5998439200000003,0.7505937200000005,0.8675710833333338,1,1,1,1,1
o5-07_gr_e07,B,1,1,1,1,1,1,1,1,1,1,0.7590408437499997,1,0.7235669259259261,1,1,0.8217582098765432,1,0.9891517187499997,1,0.4068285999999998,0.8215708400000002,0.44904455,0.8124025277777778,1,0.6402684074074072,1,0.670998098765432,1,0.1751931322314049,0.3923977599999999,0.25598880246913575,0.5437213999999999,0.4467377959183673,0.4555635781249999,0.8232092399999998,0.6170013673469388,1,0.052588312499999776,0.06977143749999976,0.17839166666666642,0.2582131944444442,0.6573558888888892,0.3248038979591837,0.5165031600000001,0.3900111836734692,0.4168311718750001,0.247339469387755,0.4416538750000001,0.23810012499999988,0.5912156249999995,0.48339447999999985,0.4115957777777778,0.5143453599999999,0.5187488799999997,0.3701799382716048,0.5426825555555556,0.7415354799999998,0.36540134,0.9859970624999999,0.82004616,0.5500462040816326,0.9922369375,0.77488468,0.5966718163265305,1,0.9703304722222222,0.6391441604938272,1,1,0.70425915625,1,1,1,1,1,1,1,1,1,1,1,1
o5-07_gr_e08,B,1,1,1,1,1,1,1,1,1,1,1,0.9501761718750001,1,1,1,1,1,1,1,1,0.92771036,0.4643290330578511,0.9038038333333334,0.8876351388888889,0.5542496799999999,1,1,0.49140574556213024,0.47588543999999994,0.4688067199999999,0.25790367,0.5806237999999997,0.6565432,0.4763993673469387,0.862661625,0.5199713265306122,0.3337241065088757,0.09264037499999989,0.12468871999999974,0.12290145312499993,0.5018002222222224,0.2349437499999999,0.36878313888888886,0.7682211111111109,0.7827853333333332,0.25155682248520705,0.20394276543209866,0.5598996666666665,0.2942949999999998,0.2761694285714285,0.4951945624999999,0.21902553086419752,0.6913516666666661,0.49229681249999996,0.23938581944444431,0.45010183333333315,0.5059097499999995,0.3481577500000001,1,1,0.5694375624999994,1,1,0.3952938367346937,0.5384025000000001,0.4810414166666664,0.4453937777777776,0.8718766666666661,0.8583023333333334,0.41070413888888896,0.7446677777777775,0.42494735999999994,0.4561435102040816,1,1,0.5844505600000001,0.7249861249999999,1,0.6562863124999995,1,0.5306002499999997,1
o5-07_gr_e09,B,1,1,1,1,1,1,1,1,1,1,1,0.9734800408163263,1,1,0.8414450987654319,1,1,0.8777504444444442,1,0.6091811562499998,0.48173250999999984,1,1,0.662926024691358,1,1,0.7084878641975305,1,0.37117675999999955,0.27290165432098745,0.36347587755102034,0.7385423124999995,0.4161621093749999,0.549885163265306,0.6075620612244895,0.6493421224489794,0.707966984375,0.053714666666666085,0.07475640816326519,0.1868869999999998,0.25486591666666664,0.3627988888888885,0.5083330799999997,0.5384435599999997,0.5161884722222221,0.3739294399999999,0.45337362499999967,0.23161062499999982,0.4825671874999996,0.4869814999999996,0.332063551020408,0.6400531249999998,0.5279027999999995,0.5050301666666663,0.30811578571428566,1,0.5298423055555552,0.6635458399999997,0.8249605624999996,0.5932127499999998,0.6608230277777776,0.9935518749999996,0.5085707812499997,0.7218280833333333,1,0.5482535925925925,0.96781256,1,0.6277277343749998,0.9102490277777776,1,0.6764685624999999,1,1,1,1,1,1,1,1,1,1
o5-10_gr_e10,A,0,1,1,0.7687504375,1,1,1,1,1,1,0.8968102222222218,0.8909345555555553,0.3910062448979591,1,1,0.8330396875,1,1,0.49790875000000007,0.6315907777777778,0.6279428888888888,0.42569488,0.6465625624999999,0.9076049999999997,0.7761565000000001,1,1,0.5365084897959185,0.3445171875,0.4456895555555562,0.2659045555555556,0.6445212222222219,0.7819213333333334,0.6494015624999998,0.5397501599999999,1,0.7843796249999997,0.043575333333333174,0.0747369444444445,0.26915018749999986,0.29971524000000005,0.42553906249999973,0.34526633333333345,0.7779563333333332,0.6438151874999999,0.44658688888888864,0.1972301999999999,0.3793478888888887,0.2138027499999999,0.31757287999999995,0.5820226666666664,0.4759902500000003,1,0.7499891111111107,0.4035247777777777,0.23031699999999997,0.5081743333333338,0.2777649444444445,0.9452822499999985,1,0.5324181874999997,1,1,0.6031215624999999,0.5147306875000001,0.5862468888888885,0.4816573749999997,1,1,0.5985668750000003,0.8485529999999994,0.6458678125000002,0.51009408,0.7312414444444446,1,0.5292589375,1,0.8443839999999999,0.4346693888888889,0.9130435555555557,1,0.7407523125
o5-10_gr_e11,A,0,0.6325877777777772,1,0.3413971224489794,1,1,1,1,1,1,0.4225193749999995,0.8620059999999985,0.38659219444444387,0.8137771249999991,1,1,1,1,1,0.22350113888888837,0.3361507499999993,0.4902252499999992,0.4043649387755099,0.9297378124999995,0.7438032777777774,1,0.8937806938775508,1,0.24097368749999953,0.3945276666666658,0.2514209722222219,0.5761667499999991,0.4752844999999996,0.5255465306122445,1,0.7213081836734692,1,0.034917666666666056,0.1138835624999994,0.18815327777777746,0.38220518749999927,0.41736759999999923,0.43849302777777743,1,0.5631907346938773,0.9334164399999993,0.11355791666666627,0.2782694444444437,0.2099677599999994,0.2284875277777774,0.35007624999999937,0.3275364166666662,0.4767982399999997,0.3820499999999998,0.5426389999999998,0.35198655555555447,0.44893099999999825,0.24432193749999964,0.330104812499999,0.7580479999999987,0.4441888124999994,1,0.7229955555555543,0.34956662499999963,0.41798577777777707,0.5174299999999978,0.22276443749999902,0.5770234999999999,0.32239512499999956,0.2894884799999995,0.8028864999999983,0.8390857499999987,0.31654977551020375,1,0.3187559374999996,0.2693594999999993,0.5626647499999984,0.5909037499999992,0.18930044897959145,0.34017943749999924,0.7578557499999985,0.38089603999999966
o5-10_gr_e12,A,0,0.9229765000000014,0.7056628888888892,0.8343791111111115,1,1,1,1,1,1,0.41392600000000057,0.8498685000000006,0.33928569387755125,0.852407437500001,1,0.8655023888888893,1,1,1,0.21953722222222263,0.26713332000000034,0.3664132222222227,0.5164549722222228,0.8177483600000004,0.9444237600000003,0.7248505468750002,0.7978931400000002,1,0.3046355555555559,0.30156812500000063,0.3170647200000006,0.46809164000000036,0.5095159722222226,0.5547660816326534,0.8992285200000002,0.5648463884297522,1,0.0366546666666671,0.11588362500000102,0.19512541666666705,0.3940946875000007,0.4192176400000005,0.4490927500000004,0.6995050800000004,0.5110654814814817,1,0.1157401111111115,0.26785355555555584,0.21594652000000036,0.2664872800000002,0.3420175000000004,0.32310227777777817,0.48776264000000014,0.35348470312500035,0.6107579591836737,0.4603542500000016,0.4479290000000011,0.2509881875000005,0.6139570000000011,0.33292112500000054,0.4077678750000008,0.931336000000002,0.35441613888888945,0.6245044722222227,0.4264306666666674,0.5882257500000015,0.22893968750000054,0.516818500000002,0.39041911111111216,0.20866738888888917,0.43299077777777834,0.22391963888888908,0.37636785937500045,0.44542700000000074,0.3296514375000007,0.24629412000000037,0.5694002500000017,0.5359375000000013,0.2524833125000004,0.5246572500000019,0.5034672500000004,0.23648832098765465
o5_gr_e01,B,1,1,1,1,1,1,1,1,1,1,1,1,1,1,1,1,1,1,1,0.35032378703703704,0.670312644628099,1,1,0.7373736805555553,0.7421880833333333,1,1,0.5554841777777777,0.24468255371900807,0.3036389305555554,0.4471398271604936,0.34175422959183677,0.38116926035502935,0.4074605147928994,0.5239151239669418,0.7616100612244895,0.30745983102493063,0.07033591358024675,0.10414464999999984,0.1872915714285711,0.1955404699999998,0.29732990123456776,0.3682357499999996,0.4564485937499997,0.6543708055555552,0.30879020888888875,0.18635282644628084,0.2088338055555554,0.33837048148148124,0.27237424852070996,0.34863388194444433,0.36721656249999984,0.4808981199999999,0.7198642040816325,0.3319221730103805,0.32627458131487885,0.40071710380622827,0.886321,0.5745919693877549,0.6622779722222221,0.6590061736111108,1,0.7797387599999999,0.47687580276816594,1,1,1,1,1,1,1,1,1,1,1,1,1,1,1,1,1,1
o5_gr_e02,B,1,1,1,1,1,1,1,1,1,1,1,1,1,1,1,1,1,1,1,0.4950195972222221,0.6350724930555555,1,0.9868842962962964,0.9659844399999997,1,0.8609755041322313,0.9827388888888889,0.6155804693877551,0.18446201020408154,0.35966891999999995,0.2822525111111111,0.3516053866666666,0.38329916836734695,0.95312175,0.43866344378698224,0.5446361487603305,0.420208711111111,0.06561367901234563,0.14293669387755087,0.19719214062499987,0.22146768999999994,0.3544433906249999,0.5705356944444444,0.42410959259259257,0.7471563333333333,0.324716625,0.1974682499999999,0.2543370399999999,0.28672413223140497,0.3252594793388429,0.336757548611111,0.7576464999999997,0.41101986805555546,0.52581547,0.48690636094674544,0.3407464622222221,0.5231685972222223,0.4918172346938775,0.5285782397959182,0.581783822485207,1,0.6911110247933885,0.6523457777777777,0.5910693010204082,1,1,1,1,1,1,1,1,1,1,1,1,1,1,1,1,1,1
o5_gr_e03,B,1,1,1,1,1,1,1,1,1,1,1,1,1,1,1,1,1,1,1,0.31342164705882347,0.46887811224489795,0.9719370816326529,1,0.9396002656249998,0.8528645061728395,0.7578247300000001,0.8317765432098766,0.5256133775510206,0.201968429752066,0.2569429166666666,0.2782209467455621,0.44186938,0.42551961983471065,0.3911747430555555,0.50204999,0.51548379,0.40565857142857137,0.06748159259259245,0.08798971604938266,0.13480807999999989,0.32173074999999973,0.354682551020408,0.31593090123456774,0.5003664897959184,0.4782740156249999,0.3840804930555555,0.20181164999999993,0.20531911570247924,0.23147755102040815,0.3167714049586776,0.35321332231404945,0.4031866528925618,0.4214171900826445,0.5299781099999998,0.3449245624999999,0.6220028055555556,0.8897898437499999,0.6300824513888887,1,0.717332544378698,0.5697917733333333,0.5916282142857142,0.9753984691358023,0.7071343958333333,1,1,1,1,1,1,1,1,1,1,1,1,1,1,1,1,1,1
o5_gr_e04,B,1,1,1,1,1,1,1,1,1,1,0.6186709506172842,0.843450171875,1,1,1,1,1,1,1,0.319709888888889,0.5499834567901236,0.44141512444444453,0.4953543321799309,0.6567452460937501,0.9175979444444445,1,1,1,0.24272182716049387,0.2477284300000001,0.3012917361111112,0.3721333609467456,0.4110039387755103,0.4975692500000001,0.69221476,0.7505687700000001,0.5030758928571429,0.0713821111111112,0.10167869135802476,0.19104881632653076,0.1792753305785125,0.3586339218750001,0.30253209027777794,0.5887995510204083,0.6745625510204084,0.32861785467128035,0.24947889062500017,0.20255388000000007,0.3361381250000002,0.2987189166666667,0.3395924652777778,0.5104864074074076,0.4504481388888891,0.6576467283950618,0.30011003780718337,0.45842568750000023,0.36204275147929005,0.33512319444444444,0.4859527439446366,0.7469510177514793,0.9180526694214877,1,1,1,1,0.5636774437869823,0.7535680694444445,1,1,1,1,1,1,1,1,1,1,1,1,1,1,1
o5_gr_e05,B,1,1,1,1,1,1,1,1,1,1,0.3010902189349114,0.4591781157024796,0.9202515714285721,1,1,1,1,1,1,0.38307765306122477,0.2936115208333336,0.3995986982248521,0.4472704101562501,0.7483290486111114,0.6873362044444447,1,1,1,0.19231486419753122,0.19805458000000026,0.3146621358024693,0.3361195917159765,0.4412896863905326,0.5895217152777781,0.6228865917159766,0.55437690234375,1,0.06541123437500033,0.0820916406250003,0.1324644300000002,0.23250655555555594,0.2828499917355374,0.3734528100000002,0.42612056198347137,0.49886405785123994,0.3662564359861593,0.22519815702479357,0.20587778472222237,0.22187261538461558,0.3151249030612247,0.3838008888888892,0.571506448979592,0.41749732231404985,0.6465831875000003,0.5277101322314053,0.42308308673469397,0.37717532132963993,0.5689624335937501,0.7422161183431952,1,1,1,1,0.7900341234567905,1,1,1,1,1,1,1,1,1,1,1,1,1,1,1,1,1,1
o5_gr_e06,B,1,1,1,1,1,1,1,1,1,1,0.4748382899999999,0.5836792999999998,1,1,1,1,1,1,1,0.3375135199999998,0.31626279289940823,0.40827750222222225,0.5049088906249999,0.7799760946745561,1,1,1,1,0.22046451851851834,0.253964148148148,0.3210457299999998,0.26948215916955015,0.42449784888888886,0.5038862799999999,0.5641519377777777,0.6380067295918365,1,0.08041060937499989,0.09747751562499989,0.1310344628099173,0.3055311836734693,0.24764730555555545,0.39404994000000004,0.53195712345679,0.604454135802469,0.29218289462809904,0.2482850740740739,0.20095066272189338,0.2515903194444443,0.3308143786982248,0.3714341322314049,0.42306468999999985,0.404945991735537,0.50016656,0.4914779166666665,0.35980290234375,0.41749294117647046,0.549784462222222,0.922975037037037,0.79988111,1,1,1,0.434469814404432,1,1,1,1,1,1,1,1,1,1,1,1,1,1,1,1,1,1
o5_gr_e07,C,2,1,1,1,1,1,1,1,1,1,1,1,0.4138920277777777,0.4180200408163265,0.6132145199999999,0.9136193125000001,0.5771219387755101,1,0.3331275432098765,1,1,0.19996516,0.793056,0.3132431604938272,0.4696594489795918,0.39013066,0.6659261224489796,0.19365427591836729,1,1,0.20444370370370363,0.2879534081632654,0.4089394444444442,0.3382541975308641,0.3756008512396694,0.55040081,0.25787177419354834,0.06765409375000002,0.0868989591836733,0.14988351562499996,0.30901080555555543,0.30347244,0.3984369,0.3766492469135802,0.55126253515625,1,1,0.21048035937499993,0.2275576913580247,0.29031881640624996,0.6853440763888888,1,1,1,1,0.67156375,0.294321,0.19327179015684148,0.5396134807692308,1,1,1,1,1,0.47489156790123455,0.24890835196195008,1,1,1,1,1,1,1,0.6288803580246912,1,1,1,1,1,1,1,1
o5_gr_e08,B,1,1,1,1,1,1,1,1,1,1,1,1,1,1,1,0.9557211851851849,1,1,1,0.5047262716049382,0.3868033076923078,0.56771799,0.5811548925619834,0.9367497346938776,0.7625583333333332,0.7374313299999999,0.827250135802469,0.7830093600000001,0.20583866115702487,0.2628441899999999,0.3036851239669422,0.34335941322314045,0.6370599999999998,0.46285284,0.54318684,0.7286973593749999,0.64351623,0.08524179591836734,0.10352530864197527,0.13261590909090898,0.2410822962962963,0.3494587343749999,0.5531362500000001,0.42279846913580243,0.6421369387755101,0.33987922837370244,0.23433018518518514,0.20756472916666668,0.2924261983471074,0.3036644082840237,0.604894387755102,0.43911999999999995,0.42666914876033063,0.49805091999999984,0.3645387288888889,0.4807932066115703,0.3782565339506173,0.4802183564013839,0.5318468408304499,1,0.5591382617187499,0.656651023668639,0.599163525510204,0.4940959584775086,1,1,1,1,1,1,1,1,1,1,1,1,1,1,1,1,1,1
o5_gr_e09,B,1,1,1,1,1,1,1,1,1,1,0.6260496562500001,0.8420101428571429,1,0.9399848125000002,0.940971716049383,1,1,1,0.999248487603306,1,0.27567442011834337,0.3841535069444445,0.5853065300000002,0.613169958677686,0.7580614599999999,1,1,0.7112677397959184,1,0.215000851851852,0.2550940800000001,0.2995774722222222,0.42646638842975226,0.5130529834710744,0.8372797187500003,0.6283968055555555,0.5268777404844291,0.07589806250000025,0.11789109375000012,0.19302698437500013,0.2708031562500002,0.36451441975308657,0.43529515000000024,0.6138225308641976,1,0.477187785467128,0.5106220000000007,0.21139153086419757,0.28336223000000016,0.29912077514792906,0.3578932397959184,0.4166841275510205,0.65107655,0.6363417024793391,0.40329976750000013,0.5828648125000001,0.3055150588235295,0.34884134013605445,0.4845211172839507,0.580699865051903,0.8489873472222224,1,0.6771789023437499,1,0.47376892444444446,1,1,1,1,1,1,1,1,1,1,1,1,1,1,1,1,1
o5_gr_e10,B,1,1,1,1,1,1,1,1,1,1,0.6353214489795921,0.6277436093750002,0.8073962500000001,1,1,1,1,1,1,0.3952772968750001,0.356189223140496,0.34769852000000007,0.5126781530612247,0.6189341428571431,0.8806660991735539,1,1,0.9705471527777778,0.24989678125000025,0.20161125619834727,0.29716883000000016,0.4019637190082647,0.46915873553719034,0.44622349489795937,0.4925422857142858,0.8075023333333333,0.4117057063711911,0.06970175000000017,0.09049257812500022,0.12543283471074387,0.32888686111111154,0.2486428595041324,0.38785985185185207,0.46137296296296304,0.5420087160493829,0.35843485546875015,0.25867710204081656,0.2130777037037039,0.30704483950617295,0.2844102083333334,0.44103621000000015,0.3491764897959185,0.41674121893491134,0.6945638395061732,0.4687456938775513,0.3320136400000001,0.3275908757396451,0.36119972444444465,0.5647272189349115,0.582916662222222,0.6403479511111112,0.6672254044444447,1,1,0.4904626776859506,0.5294071242603551,0.665482633136095,0.9362555123966942,1,1,1,1,1,0.89127790625,1,1,1,1,1,1,1,1
o5_gr_e11,B,1,1,1,1,1,1,1,1,1,1,0.6248478437500001,0.9146588775510207,1,1,1,1,1,1,1,0.3654197400000002,0.30593342968750015,0.4813031224489798,0.612306780612245,0.7386273826530615,1,1,1,1,0.2448859382716051,0.25696849000000027,0.26928655612244917,0.38317027810650894,0.4148962622222224,0.48271108888888903,0.48913127555555574,0.6459029027777777,0.8143501358024694,0.07998962962962991,0.11552679687500027,0.16083914000000016,0.3704915277777781,0.2562405763888891,0.4846470000000002,0.5526728437500004,0.5181823300000002,0.43968592346938795,0.2909424285714288,0.2336672469135804,0.2826184691358027,0.3811946172839508,0.46657841975308667,0.3692708402366866,0.46769537500000014,0.5524975486111112,0.6281813057851241,0.32973591000000013,0.3586669008264465,0.35176275510204086,0.4838372130177516,0.5945565621301777,0.6110328316326532,0.6349570755555557,0.8359511250000001,1,0.6360803281250003,0.47452805325443786,0.5491453010204081,0.7134292958579882,1,1,1,1,1,0.724141962962963,0.9428259687500002,1,1,1,1,1,1,1
o5_gr_e12,C,2,1,1,1,1,1,1,1,1,1,1,1,1,1,1,1,1,1,1,1,0.9852579000000002,0.7237405680473372,0.6399292142857143,0.88327589,0.6985008472222222,0.5848978520710058,0.7542099499999997,0.6921821652892565,0.9321316938775508,0.6662401234567901,0.34136311734693886,0.4236461111111111,0.5199206419753085,0.41565339669421475,0.6007637187499999,0.5332709699999999,0.42551957333333323,0.10305173437499988,0.10477304938271602,0.156339172839506,0.22359870999999992,0.36659646874999985,0.42986371604938256,0.542201148148148,0.5814975799999997,0.6120796528925618,0.27062438888888884,0.1912977654320987,0.25134354320987645,0.2874652916666665,0.31901797577854674,0.5077118367346938,0.4923812422145327,0.6858624201183431,1,0.27087178124999983,0.2902860499999998,0.258901109375,0.3679645679012344,0.6308383511111112,0.9441236041666667,1,1,1,0.33070325,0.4440487799999999,0.4355094844444444,0.8089499669421487,1,1,1,1,1,0.4819193456790124,0.9260257777777775,1,1,1,1,1,1,1
