File,Class_GT,Class_GT_n,M1,M2,M3,M4,M5,M6,M7,M8,M9,M10,M11,M12,M13,M14,M15,M16,M17,M18,M19,M20,M21,M22,M23,M24,M25,M26,M27,M28,M29,M30,M31,M32,M33,M34,M35,M36
o1-01_gr_e01,B,1,0.25,0.25,0.25,0.25,0.25,0.25,0.17893305978260868,0.19959472543478254,0.22985761739130436,0.24727491630434784,0.25,0.25,0.07659490239130434,0.09393098847826087,0.10446620086956519,0.12062083804347824,0.11387376260869563,0.07702013108695653,0.09140285,0.08179913260869565,0.11822037478260869,0.1016203308695652,0.09375162978260868,0.06483901437499999,0.1961659669565217,0.24790976173913046,0.25,0.25,0.25,0.25,0.25,0.25,0.25,0.25,0.25,0.25
o1-01_gr_e02,B,1,0.25,0.25,0.25,0.25,0.25,0.25,0.17169601510638294,0.2293220306521739,0.24835326347826087,0.25,0.25,0.25,0.03997680978260869,0.08690607608695651,0.12193105065217391,0.10336188326086956,0.09927783782608693,0.08932517891304345,0.046275702765957424,0.06412679884057973,0.1312723506521739,0.12579839304347826,0.13795554086956519,0.14483794739130434,0.13716135869565213,0.20320111695652174,0.25,0.25,0.25,0.25,0.25,0.25,0.25,0.25,0.25,0.25
o1-01_gr_e03,B,1,0.25,0.25,0.25,0.25,0.25,0.25,0.14913723539682538,0.21527451739130438,0.24656764630434785,0.25,0.25,0.25,0.04014335690909093,0.048612978196721335,0.13239643086956523,0.11062454521739133,0.13424522565217395,0.1304924336956522,0.08600879934782613,0.053420701956521766,0.12711908195652177,0.08802910739130437,0.12715451695652175,0.09572275000000004,0.2249397236956522,0.25,0.25,0.25,0.25,0.25,0.25,0.25,0.25,0.25,0.25,0.25
o1-04_gr_e04,B,1,0.21002449166666667,0.2154382811111111,0.21623322916666665,0.21338472305555556,0.19817503861111108,0.25,0.1009374005,0.09639605937499997,0.10317991131578945,0.10520702099999997,0.1070549669047619,0.16001223111111107,0.13538433305555556,0.032489300869565196,0.037912952682926805,0.04194487871794869,0.04758845404255318,0.05966089127659574,0.07358529999999998,0.024489662999999978,0.0415869283333333,0.03171663805555553,0.03528605292682925,0.0463587089473684,0.09556711139534882,0.0882301918181818,0.09165796846153845,0.09367836976190473,0.0935592898181818,0.23146303694444445,0.2137261975,0.21028337055555554,0.217479375,0.20913049166666667,0.22005277027777778,0.25
o1-04_gr_e05,B,1,0.25,0.25,0.24736336027777778,0.23918534,0.25,0.25,0.13192583305555555,0.11679281419999997,0.12074949195652175,0.11974606340909091,0.11950105050000001,0.23553403027777778,0.06511655972222224,0.03617512133333334,0.04102652860465118,0.044635053023255836,0.04818973466666668,0.0852182077777778,0.033300366944444465,0.028913513555555572,0.03472713388888891,0.03249042594594597,0.03800850692307694,0.09969757444444445,0.11103266463414635,0.11268859897959183,0.11174901311111111,0.11148238826086956,0.10211665208333336,0.25,0.25,0.25,0.25,0.25,0.25,0.25
o1-04_gr_e06,B,1,0.23824822222222222,0.22243149222222222,0.21887315666666668,0.2212132327777778,0.21352083,0.22948448694444445,0.1116177942105264,0.10079754136363639,0.10138320750000003,0.10401750390243901,0.09931077695652174,0.14216876111111112,0.13074965694444446,0.03187494260869567,0.03642598435897438,0.03833625780487806,0.037254593000000016,0.044044340000000015,0.12259969666666667,0.02196048611111112,0.03653631805555556,0.03391071250000002,0.035716717500000016,0.043792572400000014,0.09436176744186048,0.08555778400000003,0.09247792823529412,0.0945222915909091,0.09963330277777777,0.2275043525,0.22320984972222224,0.21372302694444445,0.21552380583333333,0.2192451886111111,0.23147296722222224,0.25
o1_gr_e01,A,0,0.08730709476190476,0.03021298142857144,0.02237727000000001,0.06117822586206899,0.09701054321428573,0.25,0.11321609095238096,0.06552239571428572,0.022791123103448295,0.06078810060606062,0.09492937107142858,0.25,0.06494267523809524,0.03405985285714287,0.026849278518518527,0.05928162866666669,0.09078976769230772,0.25,0.010174636086956531,0.014280191818181836,0.030179486800000016,0.058393777692307705,0.08819947931034486,0.24309671047619047,0.06236914761904763,0.02362111227272729,0.036576371666666684,0.05979055347826088,0.08373400238095237,0.21415387523809526,0.027669834375000014,0.038169072105263185,0.049905752750000025,0.0636258617948718,0.0808233929268293,0.22068565714285712
o1_gr_e02,A,0,0.10308846333333331,0.008850110833333306,0.010568400399999978,0.04183336176470586,0.07212090599999997,0.25,0.06855518666666666,0.06524804380952379,0.024230121428571404,0.040002432812499975,0.0678966973913043,0.2338003661904762,0.006845864761904738,0.0667276438095238,0.01763112999999998,0.03948994307692306,0.0660703259259259,0.2096814719047619,0.010701496363636341,0.014087099523809503,0.022805720833333303,0.042662241199999985,0.0662194512,0.17799216904761903,0.024839203043478246,0.028510849999999966,0.03248823217391302,0.04772067909090907,0.09331697904761904,0.15347051714285712,0.04444061312499997,0.05128339405405404,0.05492302736842101,0.058809389210526294,0.06663944928571428,0.10559098952380949
o1_gr_e03,A,0,0.023637247142857126,0.022441942916666652,0.037080797499999985,0.06691767899999998,0.09137840891891887,0.17409485428571428,0.015056054999999985,0.015442945714285693,0.03449435428571426,0.04806575566666666,0.07576680925925923,0.18838035714285714,0.00852593227272725,0.06799019809523808,0.017390029090909073,0.03929464714285714,0.06303995346153846,0.13663632142857146,0.010603498260869551,0.04415183476190475,0.0382274257142857,0.030991267199999985,0.05201767999999999,0.08527263809523808,0.02040289999999998,0.016115154285714268,0.10608315428571427,0.027004669999999984,0.050691479047619045,0.09119168476190474,0.028475449090909075,0.029078846999999994,0.029085365666666647,0.029899029629629616,0.0334908674074074,0.0529415814285714
o1_gr_e04,A,0,0.016372004400000018,0.023876423225806475,0.035649437812500025,0.048428506764705906,0.06499666473684214,0.25,0.06698831857142859,0.013253456190476208,0.019273718181818198,0.03557288461538463,0.05871442321428572,0.23437904476190474,0.017741141904761917,0.06631526904761907,0.04681080904761906,0.028069983750000027,0.049163319583333344,0.08673596285714288,0.018908677142857162,0.0434459004761905,0.06790780571428573,0.020234376800000016,0.043097133928571445,0.08766328904761907,0.0794216661904762,0.015178058095238114,0.05256888666666668,0.04040438285714288,0.03558235625000003,0.11883721571428574,0.01736604160000002,0.02745048885714287,0.035540709600000026,0.028370908571428596,0.03247178903225808,0.04980098476190479
o1_gr_e05,A,0,0.017367500454545427,0.018730414074074046,0.02675058033333331,0.042032027333333305,0.05888751206896549,0.21545660095238098,0.0237512314285714,0.044878688095238074,0.015954665909090882,0.03372745285714283,0.06777068187499999,0.16177984761904762,0.028811852380952355,0.06580053571428571,0.012296210476190447,0.029356318399999984,0.06221438583333331,0.10616651347826082,0.03168045476190473,0.0678014514285714,0.056400791428571406,0.02463478535714283,0.06152026945945943,0.11705821857142854,0.020713726956521718,0.018513780952380925,0.018066714545454512,0.019440825238095212,0.04857802379310342,0.1685802019047619,0.035102634642857115,0.0367448553333333,0.03513396571428569,0.025953289677419313,0.04040818317073168,0.1332472595238095
o1_gr_e06,A,0,0.029231495517241367,0.027739509999999988,0.03658703249999998,0.05223631117647058,0.08473950891304348,0.1829398557142857,0.01763535956521738,0.026131311904761884,0.01992964999999998,0.04061749517241378,0.08429775775,0.15878836095238094,0.007303470799999976,0.06676462285714284,0.03595862476190475,0.031282317407407376,0.0715028811363636,0.13707410666666664,0.020482591428571412,0.04361257142857141,0.06679358666666665,0.019336739999999988,0.05617047102564101,0.13712445904761902,0.01583079727272725,0.06993781523809524,0.038338918095238074,0.05829829619047618,0.034731350303030296,0.12877878666666667,0.023919551904761884,0.02483954551724136,0.030097647272727256,0.0235177357142857,0.02542932689655171,0.13936838857142858
o1_gr_e07,A,0,0.02987115666666665,0.026824553809523782,0.03483892083333331,0.05549933919999999,0.07602580103448273,0.16687002047619048,0.04451129619047617,0.038123626666666646,0.03314349639999997,0.056769066666666645,0.08093810407407405,0.1561966676190476,0.023986846190476165,0.051105037142857114,0.03472147884615383,0.06289881814814813,0.09336143580645159,0.18958793047619046,0.036311509047619026,0.07426921857142856,0.03921563843749999,0.07250499357142855,0.10258417777777777,0.23695237904761907,0.04000492904761902,0.024110221428571405,0.04690422999999999,0.0801971033333333,0.10703562590909087,0.25,0.020836381290322566,0.031873564666666646,0.058900149361702105,0.094218189047619,0.11480885125,0.25
o1_gr_e08,A,0,0.11146558428571428,0.1365797880952381,0.08311484285714285,0.06665775714285714,0.09174353238095238,0.1008474038095238,0.06463617047619048,0.11247642761904762,0.014269287142857134,0.02372827909090909,0.03557138199999999,0.0489899561904762,0.0053203228571428555,0.11247535952380952,0.015986001363636357,0.03139507434782608,0.048144069166666664,0.08139713619047619,0.008347646363636363,0.09173022095238095,0.023311326153846155,0.04278159444444445,0.061764253599999985,0.14267413095238096,0.016178899523809513,0.05216952666666667,0.03289327185185185,0.055957625000000004,0.07584723230769229,0.16449352904761905,0.02794168342857143,0.033168424117647054,0.04926923255319146,0.07555151046511625,0.09293646523809523,0.17819024999999997
o1_gr_e09,A,0,0.08080332333333333,0.059305408571428554,0.06147849238095236,0.10849418999999998,0.05757475809523808,0.0894344476190476,0.07863695999999999,0.06755034857142855,0.013943037619047603,0.06519484047619047,0.030287108399999988,0.04387744227272726,0.018007794285714272,0.06645937809523808,0.014514611904761887,0.028478907307692296,0.043638881785714276,0.10411795142857143,0.020570679047619028,0.06814834238095238,0.02143183384615384,0.04156006655172411,0.05858221407407407,0.10674894,0.026903559999999986,0.016908428181818168,0.03388332464285713,0.05662689777777778,0.07283497039999999,0.18594189476190476,0.023864202142857126,0.028987674054054044,0.05043326739999999,0.07597499348837207,0.09206096564102562,0.1907202114285714
o1_gr_e10,A,0,0.02950835071428574,0.03749431448275864,0.04214157814814818,0.05037113214285716,0.07557072411764709,0.25,0.018524012608695677,0.03218422142857145,0.02801265400000003,0.053245559655172435,0.08840107677419358,0.25,0.04295049904761907,0.013588241363636382,0.027731423461538486,0.06309088454545456,0.10816068567567569,0.25,0.008907292380952402,0.0351522604761905,0.026674522916666683,0.05508080828571431,0.09027434769230772,0.25,0.08116218095238097,0.06995060666666668,0.030645908750000023,0.05195547454545457,0.07314857083333338,0.19520122476190474,0.02894114190476193,0.020077236875000022,0.03814925250000003,0.05961403133333335,0.07506049727272729,0.17173346047619048
o1_gr_e11,A,0,0.02974313619047621,0.020344161481481503,0.03713186970588238,0.05796384387096774,0.09438186763157899,0.25,0.027941455714285735,0.017115470952380977,0.0314795866666667,0.06756156342105264,0.11016223555555557,0.25,0.010107481250000017,0.035703609047619066,0.030588742758620713,0.08812681274509807,0.1552186480952381,0.25,0.012511251739130454,0.02651953619047622,0.03846563823529414,0.09176089000000001,0.1379302191666667,0.25,0.016386620476190505,0.02072606952380954,0.04517613466666669,0.08423632875000002,0.13144907857142857,0.25,0.02232857000000002,0.03172140333333336,0.058192354318181844,0.09067531382352943,0.11778958692307692,0.25
o1_gr_e12,A,0,0.0192599780952381,0.02568655047619049,0.020250000000000008,0.0518046005263158,0.08633095086956524,0.25,0.01605500136363637,0.0677379461904762,0.019607782500000007,0.05184825151515153,0.0987851903030303,0.25,0.008051835600000008,0.06726697333333334,0.020250691666666678,0.052241900333333334,0.09925863323529413,0.25,0.01054353363636365,0.06839671714285715,0.02035398833333334,0.05119109156250001,0.09086677636363638,0.23679047523809524,0.02035523476190477,0.015618452380952389,0.02428150217391305,0.04285494961538462,0.07078128645161293,0.1589690942857143,0.027901955000000016,0.02503888500000001,0.03678620222222221,0.05007209303030303,0.06167754391304348,0.10688541666666666
o2-01_gr_e01,B,1,0.28,0.28,0.28,0.28,0.28,0.28,0.28,0.28,0.28,0.28,0.28,0.28,0.20140053513513517,0.18880036351351354,0.198307312972973,0.17196503972972976,0.21929837243243244,0.25350236837837836,0.07071313087719298,0.14906715621621625,0.2181263718918919,0.18598511432432432,0.21499560000000004,0.23543123621621626,0.21787703081081086,0.28,0.28,0.28,0.28,0.28,0.28,0.28,0.28,0.28,0.28,0.28
o2-01_gr_e02,B,1,0.28,0.28,0.28,0.28,0.28,0.28,0.28,0.28,0.28,0.28,0.28,0.28,0.21451263000000004,0.20863502783783786,0.18432236216216216,0.1711646410810811,0.22004148243243246,0.2210813902702703,0.051829505357142855,0.09392292761904761,0.14525993486486485,0.20704329972972976,0.22219781675675676,0.26756143216216216,0.13801522244897965,0.22145647810810812,0.28,0.28,0.28,0.28,0.28,0.28,0.28,0.28,0.28,0.28
o2-01_gr_e03,B,1,0.28,0.28,0.28,0.28,0.28,0.28,0.28,0.28,0.28,0.28,0.28,0.28,0.09185871783783785,0.16668332621621623,0.22469843729729735,0.21331852405405405,0.26685162459459466,0.28,0.03700950342105262,0.17583876351351352,0.21799604351351354,0.1791922235135135,0.1812723472972973,0.23455877567567568,0.28,0.28,0.28,0.28,0.28,0.28,0.28,0.28,0.28,0.28,0.28,0.28
o2-04_gr_e04,D,3,0.2725967742307693,0.148562975,0.09914934933333333,0.16469164969696973,0.28,0.28,0.08603865923076921,0.06747978205882352,0.0854352584090909,0.16569599117647055,0.28,0.28,0.02744551275862068,0.038964972424242406,0.07863196428571427,0.16912237,0.28,0.28,0.014821376428571417,0.019691155675675663,0.08136645230769228,0.17044371666666663,0.28,0.28,0.054591235714285716,0.04772717628571429,0.08076175571428569,0.18824692730769227,0.28,0.28,0.23128592423076927,0.14434648576923076,0.061282549999999984,0.20862856,0.28,0.28
o2-04_gr_e05,D,3,0.28,0.19512747884615383,0.09199607027777774,0.1547356568181818,0.28,0.28,0.09171217653846152,0.08609928461538462,0.0779294046153846,0.15211415066666664,0.28,0.28,0.09473780999999998,0.041381419687499976,0.06644409044444441,0.15263174813953492,0.28,0.28,0.06167544461538461,0.025487713333333314,0.06602519301886789,0.15588039854166666,0.28,0.28,0.040456897027027004,0.053528281428571405,0.06780233631578944,0.14995698045454545,0.28,0.28,0.1368242896153846,0.13481471846153845,0.07673524999999996,0.12816669647058823,0.28,0.28
o2-04_gr_e06,D,3,0.28,0.19901157461538463,0.08676254354838706,0.1573925771052631,0.28,0.28,0.10116667653846151,0.06431414444444442,0.07501361052631579,0.15248358704545456,0.28,0.28,0.1199237826923077,0.036341386999999996,0.06177107302325581,0.14819752458333332,0.28,0.28,0.04180488884615385,0.02549683810810809,0.056814729069767436,0.14765991446428567,0.28,0.28,0.052129619166666655,0.06090163942857142,0.06462541888888887,0.1402761372413793,0.28,0.28,0.23328698153846156,0.16375376346153844,0.07850272925925923,0.13488644534482758,0.28,0.28
o2-07_gr_e07,B,1,0.15,0.15,0.15,0.14863353263157894,0.14679973315789474,0.15,0.08282586363636363,0.08646072566666665,0.09820737608695651,0.09664854551724138,0.09532880199999999,0.10565526684210526,0.02222624549999999,0.026941612962962963,0.03581355428571429,0.039376303461538455,0.0432406865,0.044751872758620685,0.024834649473684207,0.024072172,0.038456464736842104,0.03756981652173912,0.05025583578947368,0.053004530625,0.05615129299999998,0.05954513423076921,0.07571800210526314,0.07258905416666668,0.08951405315789474,0.0866035220689655,0.1270920557894737,0.12789690684210528,0.12590534631578948,0.12527560210526315,0.13229264842105262,0.13558300315789476
o2-07_gr_e08,B,1,0.15,0.15,0.15,0.15,0.14159638157894738,0.15,0.0749516851851852,0.08770316153846155,0.09621187400000002,0.0984957534782609,0.09693491080000001,0.09752626956521739,0.022544659500000012,0.031084491333333342,0.03849881916666669,0.04302470714285715,0.04370134045454548,0.047692546470588244,0.07464248736842105,0.0289951617857143,0.03198264250000002,0.0383509980769231,0.04197757631578949,0.049376820000000016,0.07356139956521739,0.08196652793103448,0.08672075894736843,0.08498180241379312,0.0897920163157895,0.08718846962962967,0.15,0.14541066578947368,0.14303759,0.14113143263157893,0.13862109684210527,0.13692254157894737
o2-07_gr_e09,B,1,0.15,0.15,0.15,0.14940960999999997,0.14650778789473684,0.15,0.08512028421052631,0.09706374043478262,0.12730772894736844,0.11698612142857145,0.10540594375000001,0.09848902730769235,0.1085905552631579,0.03324778875,0.035852072631578955,0.04044732680000001,0.05201342904761904,0.05202693976190477,0.1345328842105263,0.024476557200000013,0.03193493666666668,0.04117738,0.049008207894736845,0.060885511333333316,0.15,0.06457499185185185,0.07246779250000002,0.07760774666666667,0.08809698210526318,0.09051692194444445,0.15,0.12475594526315789,0.13307349368421054,0.12775199210526314,0.14210623526315788,0.13465751263157896
o2-10_gr_e10,B,1,0.077714870625,0.08211342,0.093113749375,0.09590521812500001,0.10485597499999999,0.10637629624999999,0.03424115437500001,0.041855351875,0.045831355625000014,0.054391866470588246,0.07535548,0.064929178125,0.016743041875000007,0.054980935625000005,0.03393996187500001,0.02855023588235295,0.03876785000000001,0.0409089492,0.016044643157894743,0.044407075000000004,0.024641778947368433,0.049604423125000005,0.042051331875000014,0.04069574580645162,0.043086807777777784,0.05543348875,0.05406224850000001,0.05999097444444444,0.07315775625000001,0.06524668294117647,0.08841651812500001,0.09084819062500002,0.097555025625,0.09994317562500002,0.105046285,0.11378559625000001
o2-10_gr_e11,A,0,0.0910165625,0.009108250588235297,0.028880027894736853,0.0518004940909091,0.06742503473684212,0.12,0.09827547625000001,0.024739109375000005,0.03228866375000001,0.05923095882352942,0.096116309375,0.12,0.06915189000000001,0.025077603125000004,0.034381700000000015,0.06286415222222223,0.1002703425,0.12,0.049259758125000004,0.015217340526315796,0.03855780590909092,0.06793505950000002,0.102485579375,0.12,0.03805464875000001,0.022653974444444454,0.04541685157894739,0.07023933684210526,0.10102741500000001,0.12,0.048888873750000006,0.030029273684210534,0.052476628333333344,0.07578737125000001,0.09575350375,0.12
o2-10_gr_e12,B,1,0.06722599499999998,0.07652820312499999,0.08005546,0.096389364375,0.1033382975,0.12,0.02738254705882351,0.03514195444444443,0.04652171842105261,0.058957745625,0.06921150588235292,0.09815357624999999,0.008832490555555537,0.053174682499999994,0.019676606315789463,0.041072612499999994,0.036920998124999986,0.03385032149999998,0.00973393249999998,0.03396658124999999,0.021496976842105248,0.049438530624999984,0.04422949562499999,0.033962169999999986,0.026070696111111093,0.05298217312499998,0.0411231711111111,0.05914902062499998,0.05806368874999999,0.06989801312499999,0.05996796999999999,0.05903609749999999,0.08228599874999999,0.095015585625,0.09573912937499998,0.10645135124999998
o2_gr_e01,C,2,0.28,0.2569297396,0.19402149999999999,0.2511407232,0.28,0.28,0.07899037812499995,0.07455873411764703,0.06629340081081081,0.13457248763636362,0.23387966440000002,0.28,0.025147730882352913,0.0271311633333333,0.04018633410256407,0.09902967366666658,0.1303232503030303,0.25580247640000003,0.1495138552,0.06324425559999998,0.053418018666666636,0.05805728999999996,0.08005868249999995,0.11332279159999999,0.27388811960000004,0.22939221080000002,0.13567475559999997,0.10013173918918916,0.090463213125,0.09000332124999996,0.28,0.28,0.28,0.2736342752,0.2222506028,0.1732806388
o2_gr_e02,C,2,0.20447540120000002,0.17728312480000002,0.18471519400000003,0.15655093160000003,0.21088760280000002,0.28,0.12040987040000002,0.09251847920000002,0.09190293760000003,0.06075479280701756,0.1255762558064516,0.28,0.05564395000000001,0.07026074080000001,0.030106850909090932,0.07357357714285716,0.11769582333333332,0.2616751244,0.12211836560000001,0.07615311400000001,0.039177698333333365,0.06897421361111111,0.09865326875000001,0.17658450560000002,0.28,0.28,0.2259439104,0.17299473520000003,0.10108510833333334,0.1674888924,0.28,0.28,0.28,0.24274716920000003,0.1677765852,0.24361891840000002
o2_gr_e03,C,2,0.28,0.24718567920000006,0.15367373760000003,0.20233116080000002,0.28,0.28,0.06597862948717952,0.061545090000000004,0.061754870277777804,0.13359506549019617,0.24446788840000003,0.28,0.020862324117647085,0.02763820269230772,0.054781572608695685,0.10784940477272728,0.137187585862069,0.26825289480000003,0.1327190248,0.10315099320000001,0.04912252666666669,0.07063199694444448,0.09768038785714288,0.15790240160000002,0.28,0.24556231320000002,0.14780097440000006,0.1237111444827586,0.11243370225806452,0.11164631096774197,0.28,0.28,0.28,0.28,0.2167531332,0.24050556680000004
o2_gr_e04,B,1,0.28,0.28,0.28,0.28,0.28,0.28,0.28,0.28,0.28,0.28,0.28,0.28,0.09883054000000004,0.06510893120000003,0.08327215640000002,0.07047023880000002,0.17229768480000002,0.04413531968750002,0.033641282000000015,0.14431427360000001,0.16113774600000003,0.17175824520000002,0.13512255040000004,0.09905566,0.28,0.28,0.28,0.28,0.28,0.2589528428,0.28,0.28,0.28,0.28,0.28,0.28
o2_gr_e05,B,1,0.28,0.28,0.28,0.28,0.28,0.28,0.28,0.28,0.28,0.28,0.28,0.26224827,0.13871228200000002,0.05459707279999998,0.1291127464,0.1533712216,0.11202140239999998,0.06447257249999998,0.02617740281249998,0.051589325686274494,0.07480514749999997,0.21281444680000003,0.183237132,0.1106698943902439,0.07939314078947365,0.10225647233333329,0.267888436,0.28,0.28,0.28,0.28,0.28,0.28,0.28,0.28,0.28
o2_gr_e06,B,1,0.28,0.28,0.28,0.28,0.28,0.28,0.28,0.28,0.28,0.28,0.28,0.27419347520000004,0.0866186996,0.10367898120000002,0.15845295480000002,0.16024507240000002,0.13559352760000004,0.05321153590909093,0.02966305410256411,0.05173325652173912,0.08041464476190478,0.21333389000000003,0.23320944800000004,0.11354380888888889,0.08370224243243247,0.11258140239999999,0.26130598720000003,0.28,0.28,0.28,0.28,0.28,0.28,0.28,0.28,0.28
o2_gr_e07,B,1,0.28,0.28,0.28,0.28,0.28,0.25035836640000003,0.28,0.2736678744,0.28,0.1178866684,0.0999700642857143,0.10609368816326535,0.10640403920000002,0.10853174400000003,0.14847898280000002,0.07287447400000002,0.06503345960000004,0.07522627592592593,0.05799528640000002,0.08525994800000003,0.082447845,0.097317912,0.09590759812500002,0.09205471880000005,0.28,0.28,0.24397356640000006,0.21706262520000003,0.16783081040000006,0.13557695115384616,0.28,0.28,0.28,0.28,0.28,0.28
o2_gr_e08,B,1,0.28,0.28,0.28,0.28,0.28,0.23647603880000007,0.28,0.28,0.28,0.21673647680000002,0.09179919034482757,0.09702186458333333,0.128677958,0.1111784044,0.08968419799999999,0.049913604399999985,0.04912777769230769,0.06059549526315788,0.08764819360000001,0.07934744039999998,0.07833119599999999,0.0905650656,0.08266311205882355,0.07733409960784313,0.2739831568,0.23949857840000002,0.23440165720000003,0.1829995668,0.14453863599999997,0.11683838606060606,0.28,0.28,0.28,0.28,0.28,0.2741481592
o2_gr_e09,B,1,0.28,0.28,0.28,0.28,0.28,0.23706604240000004,0.28,0.28,0.28,0.28,0.11955358759999997,0.09789911199999995,0.12880228,0.08898389039999997,0.1276328704,0.06788721519999998,0.05181546399999998,0.0703711009433962,0.111156598,0.057872718275862045,0.07157651479999996,0.1198840252,0.08666784370370369,0.08238002415094338,0.28,0.2690074088,0.2105974444,0.18772552639999998,0.13891285535714287,0.12433706407407404,0.28,0.28,0.28,0.28,0.27483989360000005,0.2640359204
o2_gr_e10,C,2,0.05792304360000002,0.11978016120000003,0.2726234496,0.28,0.28,0.28,0.028369981153846167,0.054060896500000025,0.10892405943396233,0.14714366379310345,0.1822857696,0.26983999960000005,0.014027819200000015,0.024600362580645182,0.05647215195121954,0.07658928,0.10202772500000001,0.10687093500000003,0.15253270760000004,0.16481137640000004,0.18069112240000001,0.1415601652,0.12744750520000003,0.09703121288461537,0.28,0.28,0.28,0.28,0.23259828840000005,0.1972121748,0.28,0.28,0.28,0.28,0.28,0.28
o2_gr_e11,C,2,0.11991029920000001,0.1857641864,0.28,0.28,0.28,0.28,0.031143460384615376,0.0673388903773585,0.1309269205714286,0.15915706814814817,0.22089795,0.28,0.04459974600000001,0.022382788387096772,0.052904855,0.0727676206451613,0.093491944,0.10003320736842103,0.130763316,0.12214703560000001,0.1893914768,0.13955188,0.1225220072,0.10473993920634923,0.28,0.28,0.28,0.28,0.2652985932,0.2170400584,0.28,0.28,0.28,0.28,0.28,0.28
o2_gr_e12,C,2,0.24101706320000002,0.28,0.28,0.28,0.28,0.28,0.06715666822222224,0.09718201218750004,0.16311533520000002,0.21623973080000003,0.2751777984,0.2749148396,0.021141787187500004,0.04330881488372093,0.05639866629629631,0.17565092880000002,0.18570152199999998,0.07383209951219516,0.15158944360000004,0.1472187096,0.1854689176,0.11187944520000002,0.07429372320000001,0.07873710070422535,0.28,0.28,0.28,0.28,0.28,0.21474759040000002,0.28,0.28,0.28,0.28,0.28,0.28
o3_gr_e01,B,1,0.24000000000000002,0.24000000000000002,0.24000000000000002,0.24000000000000002,0.24000000000000002,0.24000000000000002,0.09038851555555555,0.08655431095238093,0.09090011388888888,0.13583917388888886,0.09534727750000001,0.09472623545454545,0.0213811925,0.031403300294117656,0.036554391304347816,0.04525754173913045,0.047130363928571437,0.05292514756756756,0.04286976166666667,0.02664472482758621,0.037094529285714294,0.04661626454545454,0.04739591214285715,0.052388745000000014,0.0667646625,0.07977918407407406,0.08540345750000002,0.09246386833333334,0.09400469214285714,0.09523181692307693,0.24000000000000002,0.24000000000000002,0.24000000000000002,0.24000000000000002,0.24000000000000002,0.23324428777777775
o3_gr_e02,B,1,0.24000000000000002,0.24000000000000002,0.24000000000000002,0.24000000000000002,0.24000000000000002,0.24000000000000002,0.1141350138888889,0.09156007380952386,0.11150368611111114,0.09402814000000001,0.09287082761904765,0.09351333333333335,0.021739360000000024,0.03050524666666669,0.04310415083333336,0.04752219875000002,0.04957355586206899,0.05208447882352944,0.0213892922727273,0.031187667666666696,0.03830534041666669,0.05057403520000003,0.05292808692307696,0.05735544146341467,0.08514188722222224,0.0885108713793104,0.09130616611111114,0.09540354150000005,0.09793975576923082,0.10207315814814819,0.24000000000000002,0.24000000000000002,0.24000000000000002,0.24000000000000002,0.24000000000000002,0.24000000000000002
o3_gr_e03,B,1,0.24000000000000002,0.24000000000000002,0.24000000000000002,0.24000000000000002,0.24000000000000002,0.24000000000000002,0.06684054208333334,0.08794787500000001,0.08575211166666669,0.13844136,0.08883851450000005,0.09194699619047622,0.0202527630769231,0.03079660033333335,0.04051649714285716,0.04419780500000003,0.04993630111111113,0.0548392936666667,0.025733855000000028,0.029270028620689673,0.03594083703703706,0.04643996450000003,0.04375694500000003,0.04777871700000001,0.10286284833333335,0.08570066,0.08966422695652174,0.09611045421052633,0.09490681000000001,0.09320802680000001,0.24000000000000002,0.24000000000000002,0.24000000000000002,0.24000000000000002,0.24000000000000002,0.21358087666666667
o3_gr_e04,C,2,0.08997119444444443,0.15753819444444445,0.24000000000000002,0.24000000000000002,0.24000000000000002,0.24000000000000002,0.0425637595652174,0.0647154388888889,0.09881291000000002,0.12999638681818182,0.20514816777777778,0.24000000000000002,0.0181617225,0.027435005517241384,0.055099548421052635,0.07644846454545454,0.09013994787878787,0.09073376956521739,0.06403208055555556,0.03931604,0.03946958821428572,0.039220507,0.0443352272,0.056391960588235285,0.22163671722222222,0.10935845611111111,0.08740909809523811,0.08387065428571432,0.08325988433333335,0.0788474914893617,0.24000000000000002,0.24000000000000002,0.24000000000000002,0.24000000000000002,0.24000000000000002,0.186770935
o3_gr_e05,B,1,0.1797953022222222,0.2023310438888889,0.22175881388888888,0.24000000000000002,0.24000000000000002,0.24000000000000002,0.04272231304347827,0.05030831958333334,0.05975033476190478,0.06842373210526316,0.0745548515,0.07808905150000002,0.01626020173913044,0.022306979130434793,0.0329034447826087,0.039551144210526315,0.0455116659090909,0.05675884423076923,0.038015791515151526,0.04126438657142858,0.039902182857142865,0.053511059444444446,0.03548855714285715,0.04829031710526316,0.12144876555555556,0.10320839380952382,0.1091715040909091,0.19176322055555556,0.15616094444444442,0.1434756061111111,0.24000000000000002,0.24000000000000002,0.24000000000000002,0.24000000000000002,0.24000000000000002,0.24000000000000002
o3_gr_e06,B,1,0.24000000000000002,0.24000000000000002,0.24000000000000002,0.24000000000000002,0.24000000000000002,0.24000000000000002,0.05288761499999998,0.056388153684210504,0.058565520416666655,0.09196945555555554,0.06253859523809523,0.07276294999999999,0.01866442291666665,0.024243849999999983,0.030222093636363623,0.08162624499999999,0.03614746679999998,0.0548295233962264,0.03735271038461537,0.04069931999999998,0.042265417941176456,0.03646413578947367,0.036036284761904756,0.03875699973684209,0.11425582333333331,0.1046878305,0.10446274849999997,0.17342595666666666,0.12105603833333332,0.11046290666666667,0.24000000000000002,0.24000000000000002,0.24000000000000002,0.24000000000000002,0.24000000000000002,0.24000000000000002
o3_gr_e07,C,2,0.24000000000000002,0.24000000000000002,0.24000000000000002,0.24000000000000002,0.24000000000000002,0.24000000000000002,0.048032039000000006,0.065659565,0.08443928230769229,0.09964385586206898,0.1151318712903226,0.15915201166666665,0.00856923722222222,0.021351612800000006,0.035456564137931045,0.0524939096969697,0.07050840555555554,0.08692410942857141,0.023895506500000007,0.031087594999999996,0.038611821153846156,0.03927062689655172,0.04427203250000001,0.06044606422222222,0.1155957983333333,0.08510010142857143,0.13264391444444443,0.09046308045454544,0.08466958076923078,0.07721575782608696,0.24000000000000002,0.24000000000000002,0.24000000000000002,0.24000000000000002,0.24000000000000002,0.17787622333333333
o3_gr_e08,B,1,0.24000000000000002,0.24000000000000002,0.24000000000000002,0.24000000000000002,0.24000000000000002,0.24000000000000002,0.054466574230769234,0.06814667240000001,0.07603985722222222,0.08688746272727277,0.0930670964,0.09797990125000001,0.014029005000000008,0.026222419677419364,0.03867712740740741,0.045943344583333344,0.05608685320000002,0.06617519416666667,0.023861363043478273,0.03935435823529413,0.049019065294117654,0.05777565760000001,0.056163896774193554,0.05985086627906978,0.08687301559999999,0.09780464850000001,0.11834519500000001,0.15053700833333336,0.11020547208333333,0.10745386533333336,0.24000000000000002,0.24000000000000002,0.24000000000000002,0.24000000000000002,0.24000000000000002,0.24000000000000002
o3_gr_e09,C,2,0.24000000000000002,0.23069999722222223,0.1722015311111111,0.17469703166666667,0.17782489222222223,0.24000000000000002,0.03135105000000002,0.046510848055555574,0.06943107576923079,0.08856866655172416,0.10952191964285718,0.16786765222222222,0.19297591777777778,0.011621897600000021,0.03203313500000002,0.055367285666666696,0.08102945862068972,0.10418670699999999,0.20273332944444442,0.024568017586206917,0.033626642727272754,0.04373315080000003,0.06090058363636364,0.09076782309523812,0.10837285666666667,0.07993326320000001,0.09292112652173914,0.09483839096774198,0.09241652129032259,0.09822911357142858,0.24000000000000002,0.24000000000000002,0.24000000000000002,0.24000000000000002,0.2069164211111111,0.15351210166666668
o3_gr_e10,B,1,0.24000000000000002,0.24000000000000002,0.24000000000000002,0.24000000000000002,0.24000000000000002,0.21319934499999998,0.14963348833333334,0.14986889222222224,0.1319022111111111,0.07892657157894738,0.09372931000000004,0.06917353054054058,0.02790177423076925,0.03296974227272729,0.040875310400000024,0.041082734814814836,0.041720353157894755,0.04725107564102566,0.026872963846153872,0.03370749840000002,0.04178064620689658,0.04723929230769234,0.04809227473684213,0.05066277860465119,0.08305650040000004,0.09229796909090911,0.09492187040000002,0.10045140115384618,0.10308053409090913,0.09568224125000002,0.24000000000000002,0.24000000000000002,0.24000000000000002,0.24000000000000002,0.24000000000000002,0.23333412333333334
o3_gr_e11,B,1,0.24000000000000002,0.24000000000000002,0.24000000000000002,0.24000000000000002,0.20556595777777778,0.23129280333333332,0.09259718999999998,0.08761239909090907,0.08565500149999998,0.08055477999999999,0.0727280720833333,0.06902505639999995,0.028962813461538447,0.03380712677419352,0.04131686703703701,0.040990811999999974,0.03953290319999998,0.04491248975609754,0.026048241481481462,0.03134120099999998,0.04240557259259257,0.04343284099999998,0.045202382592592585,0.04890186499999998,0.07685175720000001,0.08379660391304344,0.0874331720833333,0.10578976055555553,0.0875596796153846,0.0838082769230769,0.24000000000000002,0.24000000000000002,0.24000000000000002,0.24000000000000002,0.22521152888888885,0.22515227166666665
o3_gr_e12,B,1,0.24000000000000002,0.24000000000000002,0.24000000000000002,0.24000000000000002,0.24000000000000002,0.2309783672222222,0.16780074444444443,0.10403123833333335,0.09729491000000001,0.09883537055555557,0.07473520181818184,0.07963633145454548,0.02369163736842107,0.0334318506896552,0.037706607692307714,0.03851917666666668,0.040422065555555574,0.05020450927272729,0.03109294000000002,0.03185668758620692,0.03928283968750001,0.055487366111111124,0.044259471538461555,0.04512141933333336,0.08400455650000002,0.08557857500000003,0.093006268,0.09347188857142856,0.08782758040000001,0.08269391333333335,0.24000000000000002,0.24000000000000002,0.24000000000000002,0.24000000000000002,0.21165193666666665,0.21114821444444443
o4_gr_e01,A,0,0.09501846541666666,0.09038081583333334,0.10301216291666666,0.08968136041666665,0.10319847333333333,0.13572619291666665,0.03718340624999999,0.07135787499999999,0.06316856916666666,0.06424515541666666,0.060183616249999995,0.11883470541666667,0.02865255416666665,0.06302920749999999,0.052145439999999994,0.06065058958333333,0.06030345291666666,0.12474605041666666,0.022450309166666654,0.03574362791666665,0.05051080208333333,0.054917323333333316,0.07511492999999998,0.12716342916666665,0.04630033624999999,0.03925218333333332,0.045068972916666644,0.07408415916666665,0.08177733083333331,0.13738841875,0.027227949696969685,0.04226372896551723,0.054686939999999976,0.07082552624999998,0.07393613958333331,0.13550456958333335
o4_gr_e02,A,0,0.09983203958333335,0.08937265416666668,0.10346317833333335,0.08513794333333335,0.0796115041666667,0.13235830708333332,0.02432664125000002,0.07039612041666668,0.05842990541666668,0.06107083333333335,0.06334631541666669,0.12462329791666667,0.008020828571428593,0.06909759791666668,0.04234413833333336,0.06954203250000002,0.057358413750000024,0.14745768708333332,0.009058396666666685,0.04179031375000001,0.04240941333333335,0.046093750000000024,0.06979479375000003,0.16,0.013849428846153873,0.028489361250000022,0.04836260541666668,0.06578008166666668,0.07458072375000002,0.16,0.022414623125000026,0.04117821548387099,0.05667034571428574,0.06881255200000004,0.07871973083333332,0.16
o4_gr_e03,A,0,0.07526688333333335,0.07715938041666669,0.08829267333333335,0.0743244266666667,0.08153873708333335,0.14009889416666668,0.010058619166666687,0.05114076375000002,0.04976729583333336,0.0689456754166667,0.08572183916666669,0.1244046575,0.005560222962962986,0.03293799000000002,0.054696870833333355,0.06510900041666669,0.06268451541666668,0.13218674958333335,0.025183264583333354,0.04538591041666668,0.05464360500000002,0.04928446000000002,0.06571535708333334,0.14355359083333333,0.039084080833333354,0.04252351291666669,0.04696357250000002,0.06756721708333337,0.08001934208333335,0.13920504416666668,0.017868227500000017,0.03651281125000003,0.05239339583333336,0.06525231500000002,0.08086036916666668,0.14354785750000001
o4_gr_e04,A,0,0.10207926708333333,0.08466955875,0.0922859025,0.09945803666666668,0.08318267208333334,0.0768387525,0.10032835958333335,0.06981135708333332,0.05433964375,0.07496267375,0.06720936500000001,0.04655123499999999,0.07214104666666667,0.060980441249999996,0.04741862708333333,0.06509402125000001,0.060343492500000005,0.05426819351351351,0.06232843666666666,0.02902850916666666,0.03372242625,0.04030859296296296,0.050347800000000005,0.06897616393939393,0.055480170833333335,0.038775169259259265,0.05848740129032256,0.07312579896551724,0.0831150016,0.13120360791666666,0.06947291166666668,0.06594131166666665,0.10116303541666664,0.12681725666666666,0.13722322416666666,0.16
o4_gr_e05,A,0,0.10256444250000002,0.10341350291666669,0.07757663791666668,0.11047425791666667,0.09921304125000002,0.06509821333333336,0.07042251208333335,0.05320693291666668,0.055596594583333346,0.07544463416666668,0.06677945958333335,0.04595953700000003,0.053493657500000034,0.06119134208333335,0.053466671250000014,0.06463438083333335,0.06905013458333335,0.047661635925925955,0.04956282916666668,0.039970049583333354,0.026560600000000028,0.037760487916666696,0.04772490083333336,0.060373992592592615,0.03811234500000003,0.03694971346153848,0.05357409777777781,0.06693781678571432,0.07720907440000004,0.10633526333333337,0.05366101958333336,0.053825865600000036,0.08900231458333337,0.11377852708333336,0.12617679291666667,0.15569928333333335
o4_gr_e06,A,0,0.09204454166666669,0.09314338666666667,0.07875383375000002,0.07894433041666668,0.07889715583333334,0.09273484875000003,0.042976619583333354,0.06595497583333336,0.04568659125000002,0.08839442375,0.05852808750000003,0.05554280750000002,0.04214111708333335,0.06295258666666669,0.05022940041666669,0.05769005208333335,0.06964035958333335,0.06026696333333337,0.04932063250000002,0.03800934583333337,0.032795316800000036,0.04524711080000002,0.057125091200000026,0.08335359250000002,0.028693991538461562,0.04300212961538464,0.062154684666666696,0.08042533225806453,0.09293183966666671,0.1463448108333333,0.05856649458333336,0.06335082333333335,0.09427471500000002,0.1279126404166667,0.14964578875,0.16
o4_gr_e07,A,0,0.14671380291666666,0.09011161333333335,0.10024745666666668,0.10958317916666667,0.11208794583333333,0.08042580000000003,0.08224257208333334,0.04682415541666668,0.05944236583333335,0.03777457958333336,0.051191940833333345,0.05097521862068969,0.05455121416666669,0.025569075833333354,0.04526554833333335,0.05000465291666669,0.05204393500000002,0.06500018933333337,0.03685611166666669,0.054059619166666684,0.04256332500000002,0.04572681880000002,0.0629943044,0.07820509541666669,0.04254645208333335,0.038111712258064534,0.05421792750000004,0.06807821280000001,0.08324875208333336,0.11585902541666666,0.04402305678571431,0.06908068166666671,0.0916006341666667,0.09460485625,0.10330948958333337,0.14533327541666669
o4_gr_e08,A,0,0.02580975708333336,0.07552432500000002,0.08574126041666669,0.06007918916666669,0.08320707250000002,0.10715931125,0.040983047083333356,0.04293825958333336,0.06133702833333335,0.08221294791666668,0.06803048000000002,0.08341983500000001,0.008743104583333357,0.05033162416666668,0.05222148791666669,0.06578875708333334,0.05670481000000002,0.09845748000000003,0.009422961250000021,0.05348590083333335,0.043546092500000015,0.04307011375000002,0.07359626500000001,0.11114697750000002,0.038391655000000025,0.04694134166666669,0.050361546666666694,0.07572169958333334,0.07329658833333336,0.10223620208333334,0.06264611083333335,0.08059705333333335,0.0922211541666667,0.08767963083333336,0.09105770958333333,0.1267455275
o4_gr_e09,A,0,0.11416894625,0.10375329249999998,0.08973567625,0.07740706833333331,0.07702171291666665,0.09522909583333332,0.03703447083333332,0.043165597499999986,0.05688730249999998,0.06880592708333332,0.05094653416666666,0.06856173291666665,0.041356239166666656,0.027605325833333322,0.04861078666666665,0.05387423124999999,0.05419400919999999,0.09214339541666666,0.02547437666666665,0.05000274208333332,0.035250561481481466,0.05639156874999998,0.07107207208333331,0.10790757749999998,0.04450836374999998,0.03733342370370368,0.0554060219230769,0.06870480799999999,0.08281473479999997,0.1358926475,0.03568923639999999,0.05452520423076922,0.08039830666666666,0.09119604166666663,0.09723871999999999,0.1507668425
o4_gr_e10,A,0,0.096835925,0.04505509041666669,0.07072678166666667,0.10106399333333334,0.14298900458333336,0.16,0.04811338958333335,0.02513710814814818,0.05353523848484851,0.07598469080000005,0.09531997041666669,0.16,0.05980342875000002,0.03270966625000002,0.032312346551724165,0.05130177185185187,0.06528255960000003,0.1269305804166667,0.09702828750000002,0.06161788500000002,0.04938734583333335,0.03530913583333336,0.06343001500000002,0.08780593583333335,0.10292478583333335,0.05963260416666669,0.05591866750000002,0.053250542500000025,0.06614873791666669,0.053254157241379343,0.12774936791666666,0.0663591729166667,0.05107428833333335,0.07178423625000002,0.08995187583333335,0.08731599708333333
o4_gr_e11,A,0,0.1363732325,0.05933552624999999,0.052631402083333334,0.10050857166666666,0.11615309208333334,0.16,0.09394516541666668,0.07581063083333334,0.03348699517241379,0.06454994333333333,0.08227255680000001,0.16,0.040957215,0.056828250000000004,0.030491705833333337,0.05134720703703705,0.07093896124999999,0.13489157666666668,0.04250095416666666,0.06474993708333333,0.037188709166666646,0.05121376666666666,0.06966383249999998,0.12824640499999998,0.030439111666666657,0.044267659583333334,0.056276974583333327,0.07406845208333333,0.07506221125,0.11633426250000001,0.07419548458333332,0.07831754916666667,0.06644023250000002,0.07424790291666666,0.07553319874999999,0.10824783875
o4_gr_e12,A,0,0.08630774375000001,0.05983184250000002,0.0648183166666667,0.08748367958333336,0.14446028625,0.16,0.01937444375000003,0.03136854791666669,0.05023943333333336,0.07776094500000003,0.08855987666666669,0.16,0.04256955083333336,0.05296400541666668,0.033684321071428595,0.05607236000000002,0.06484114653846157,0.14471269708333334,0.046133985000000016,0.07449752125000002,0.051357464583333366,0.03794510708333335,0.07797745625000002,0.09207856250000002,0.10180910166666668,0.05817253666666669,0.045349077083333356,0.06997593458333336,0.06079833916666668,0.05550500541666669,0.12118670208333336,0.06360299333333336,0.09321328500000002,0.06959828333333336,0.10896215000000002,0.10000896125000001
o5-01_gr_e01,B,1,0.18,0.18,0.18,0.18,0.18,0.18,0.13943778545454544,0.1280475425925926,0.13738661818181816,0.15863673454545457,0.18,0.18,0.04228532317073171,0.05497058818181819,0.05958045103448277,0.07076573423076923,0.0832638659090909,0.14892932909090908,0.043142336749999996,0.03750308371428571,0.05361229218749998,0.05605210567567568,0.07297865409090908,0.14720497727272727,0.18,0.14931940454545456,0.1573878509090909,0.13762809750000002,0.16934367454545454,0.18,0.18,0.18,0.18,0.18,0.18,0.18
o5-01_gr_e02,B,1,0.18,0.18,0.18,0.18,0.18,0.18,0.15790943181818182,0.13310029545454546,0.14312291318181816,0.13618751909090906,0.1603223168181818,0.18,0.0454822518181818,0.05082222571428571,0.06129195235294116,0.057732667,0.05954768687499999,0.15569058318181817,0.04197426681818181,0.04605734272727271,0.05120286749999999,0.05322940864864864,0.04568294599999999,0.160300015,0.18,0.16190506409090907,0.14709903272727273,0.13123760279999996,0.18,0.18,0.18,0.18,0.18,0.18,0.18,0.18
o5-01_gr_e03,B,1,0.18,0.18,0.18,0.18,0.18,0.18,0.18,0.16175609909090907,0.15736254454545454,0.14591693136363634,0.18,0.18,0.02919485866666664,0.04960590384615382,0.05797344666666663,0.06545134846153844,0.05815422352941174,0.14880771636363635,0.03415646484848482,0.048586133589743556,0.053665728709677396,0.05650097571428569,0.05203780666666663,0.16072006545454545,0.18,0.16961224909090908,0.13179069636363636,0.14085710545454544,0.15342532636363637,0.18,0.18,0.18,0.18,0.18,0.18,0.18
o5-04_gr_e04,D,3,0.032505608461538486,0.045578555384615416,0.09830959800000004,0.24174834500000003,0.25,0.25,0.02171710150000003,0.03444580272727276,0.10571591270833336,0.24121154250000001,0.25,0.25,0.010445386956521762,0.02654458260869569,0.10656029377358499,0.246075,0.25,0.25,0.027855621000000032,0.024842272500000023,0.10755335233333335,0.25,0.25,0.25,0.04339931850000002,0.06215149800000001,0.10181945641025647,0.25,0.25,0.25,0.11392831500000003,0.151356066,0.16305620250000002,0.25,0.25,0.25
o5-04_gr_e05,D,3,0.00946849750000001,0.03141292875000001,0.08525859212121216,0.25,0.25,0.25,0.09612848450000001,0.025913505000000014,0.10548433735849058,0.239167775,0.25,0.25,0.007989030000000012,0.01904683608695653,0.10220175373134328,0.23172958650000003,0.25,0.25,0.027976686500000014,0.020714303500000013,0.09415989619047624,0.22211261200000001,0.25,0.25,0.04702972550000002,0.04999376450000002,0.07615914585365856,0.1989502085,0.25,0.25,0.1608128,0.1399657435,0.09976644200000001,0.197496591,0.25,0.25
o5-04_gr_e06,D,3,0.009605983478260883,0.0470376522857143,0.112486480952381,0.25,0.25,0.25,0.05864791200000001,0.039267676451612915,0.13193019555555557,0.25,0.25,0.25,0.008311446500000017,0.03402329060606064,0.12485709823529413,0.25,0.25,0.25,0.016314662500000018,0.027065950454545466,0.10995144442622956,0.25,0.25,0.25,0.07926397500000001,0.05316053200000002,0.10217282306122448,0.25,0.25,0.25,0.138557915,0.121055854,0.06658360750000002,0.25,0.25,0.25
o5-07_gr_e07,B,1,0.09455025133333332,0.10285633066666668,0.10151390466666667,0.10255473733333334,0.10933454666666666,0.11751111133333333,0.045263422380952364,0.05415258666666666,0.060146569999999996,0.061579887999999985,0.06571347333333333,0.09565599533333333,0.015663779499999995,0.017370949374999993,0.024962476249999997,0.031198524,0.03588821266666666,0.07073918200000001,0.014071303999999991,0.04377917399999999,0.04803171199999999,0.062228646,0.04437074133333332,0.03121889799999999,0.04453478733333332,0.041843101875,0.06348028133333333,0.05457197,0.058789497999999996,0.059768593999999994,0.09063775533333333,0.09052963533333333,0.08071009066666665,0.08342372666666667,0.07900928933333333,0.09764749133333334
o5-07_gr_e08,B,1,0.11104334333333332,0.09931719933333333,0.10407083066666666,0.10406702799999999,0.105551862,0.102173308,0.05707508066666665,0.05871135777777777,0.0609656505882353,0.05949509599999998,0.06433284933333332,0.06778781611111112,0.024310249999999995,0.020412381999999996,0.04359363,0.02987049266666667,0.044186762666666664,0.03906100043478261,0.01532669124999999,0.04961283666666667,0.032363013999999996,0.02637154466666666,0.06697849733333333,0.028963887222222214,0.03954944066666666,0.04785230066666667,0.06877317133333333,0.081282712,0.06741467266666666,0.046569796,0.07365779866666666,0.05927205,0.07101840733333332,0.06964857533333332,0.08105379200000001,0.08302866466666667
o5-07_gr_e09,B,1,0.11037629133333332,0.10446018866666666,0.09938656266666665,0.10898824599999998,0.10962616333333332,0.11487235999999999,0.05312344777777775,0.05836553533333333,0.063578594,0.06854194799999999,0.07423509599999999,0.08583820799999999,0.022541003333333316,0.02052372374999999,0.026056053999999988,0.03246201999999999,0.03934068666666666,0.04676184210526315,0.04247747399999999,0.04363060066666666,0.052846207333333325,0.05623381933333332,0.04548342733333331,0.04000940409090907,0.06958874466666666,0.04836468933333333,0.049807109999999995,0.05286716733333332,0.05903777799999998,0.049820481333333326,0.08662905666666666,0.08127106866666667,0.08603338799999999,0.08299755333333332,0.08445757399999998,0.07760954399999999
o5-10_gr_e10,A,0,0.08296469,0.07518433666666667,0.08337881666666665,0.0839868675,0.07748409083333334,0.0669529775,0.03801715666666666,0.03990040083333333,0.050505256666666665,0.07597685083333333,0.07694289249999998,0.045199070833333334,0.03847652083333334,0.040733511666666666,0.044340131666666664,0.06443693416666667,0.042581483333333316,0.05175224833333333,0.007615954999999998,0.02861312999999999,0.015844144615384612,0.05301917083333333,0.05488130499999999,0.056396607499999994,0.01663188,0.042755811666666664,0.07018141166666665,0.07100499083333332,0.07193947249999999,0.07224452833333334,0.05408788999999999,0.07032646416666666,0.07181084,0.04930199999999999,0.042648900833333336,0.06630075
o5-10_gr_e11,A,0,0.05252811833333332,0.03979737999999998,0.07749496666666665,0.08321818333333332,0.07643454166666665,0.11614038833333333,0.01411828166666664,0.05345220749999998,0.03149992230769228,0.05749716833333332,0.06146177166666666,0.09771550083333332,0.04609600416666665,0.02216645999999998,0.038891247499999976,0.032405504285714266,0.05498137083333332,0.05450476916666663,0.00550604999999998,0.046780232499999984,0.014603659285714258,0.03795972333333331,0.02737918846153845,0.03728279499999998,0.05581662749999997,0.06477983333333331,0.04897054416666665,0.059725431666666655,0.06987558083333333,0.02580259307692305,0.04872135333333332,0.06503944499999999,0.06580895833333332,0.022173827499999976,0.04961733916666664,0.05344224666666666
o5-10_gr_e12,A,0,0.06080243000000001,0.05623143333333334,0.07109959000000002,0.07335498000000001,0.09295994,0.12,0.013966407500000019,0.028976497500000028,0.040891195000000026,0.04701033833333335,0.06503970352941178,0.10537199333333334,0.04550742083333335,0.03199895916666669,0.02420573750000002,0.03406292538461541,0.04714016812500002,0.07699943833333335,0.005523126153846173,0.04707520166666668,0.01455923769230771,0.038076788333333354,0.02820473846153848,0.04017355071428574,0.06497614916666668,0.06487497916666668,0.05727462916666668,0.03209484250000002,0.05962281833333335,0.030881330666666696,0.030946499166666686,0.05665518666666667,0.06533146500000002,0.06518323666666667,0.05643254000000001,0.021794452666666693
o5_gr_e01,B,1,0.24,0.24,0.24,0.24,0.24,0.24,0.06447967260869565,0.11745475874999997,0.10319000187499996,0.09112274499999998,0.12589435312499997,0.08490886583333333,0.02346263279999998,0.031379691818181794,0.0409299937037037,0.04755935038461537,0.05115756684210524,0.054307406562499966,0.017452540434782587,0.023516951999999976,0.03244383439999999,0.03896382692307691,0.04457414777777776,0.05226632258064515,0.06269813428571427,0.07177124526315788,0.08496560880000001,0.08658733461538458,0.08692523388888888,0.08683756187499998,0.24,0.24,0.24,0.21637710125,0.20842084624999999,0.192537126875
o5_gr_e02,B,1,0.24,0.24,0.24,0.24,0.23164179,0.23170429312499996,0.06339034647058822,0.0977132,0.10130631562499999,0.11771018812499999,0.09565371421052633,0.0903549576,0.0258444048148148,0.03486739956521738,0.04632646103448275,0.04940272,0.05383283333333333,0.05888145586206894,0.01699185263157894,0.023272752399999992,0.031974124090909085,0.039700376315789467,0.046908559130434783,0.056955479999999996,0.0594976108695652,0.07157017037037036,0.08170632724137933,0.08548558294117645,0.08229848391304348,0.08537913230769233,0.24,0.24,0.24,0.19908568624999998,0.158786546875,0.12802294562500002
o5_gr_e03,B,1,0.24,0.24,0.24,0.24,0.24,0.24,0.05628590039999999,0.1008682075,0.146474959375,0.08840211875,0.085613905625,0.07587070636363637,0.019632447826086946,0.029493472592592582,0.03963624809523808,0.04221627695652173,0.04641957904761905,0.05261107307692306,0.015513690909090898,0.024447605925925917,0.03042491736842104,0.03930758639999998,0.045325470952380945,0.05151137599999999,0.122060759375,0.07423331812499999,0.1081573025,0.09476489433333331,0.09356734321428564,0.09154742761904762,0.24,0.24,0.24,0.24,0.19007029,0.218971373125
o5_gr_e04,B,1,0.1734629225,0.24,0.24,0.24,0.24,0.24,0.04589432807692308,0.06728331800000001,0.089179615,0.10923200619047621,0.18865215125,0.24,0.01842550095238096,0.028828377727272727,0.04421956066666668,0.056821845517241405,0.06538617714285715,0.065401535,0.01469093900000001,0.019702975789473696,0.033804828076923074,0.03855602050000002,0.05052604210526318,0.06346680682926831,0.04513855850000001,0.06482158771428573,0.08893771428571433,0.10072829352941175,0.212713639375,0.19639759499999998,0.14789790749999998,0.15471971125,0.24,0.24,0.24,0.24
o5_gr_e05,B,1,0.10486211375000001,0.205975106875,0.24,0.24,0.24,0.24,0.033551976190476215,0.0515433810714286,0.07592230625000003,0.09967100500000002,0.13796088750000002,0.224451455,0.014240128947368454,0.021899760000000018,0.04166419269230773,0.05752950107142859,0.07457913566666671,0.07859749555555558,0.019148562608695675,0.022566023461538482,0.03705586478260872,0.03471172952380955,0.04605952260869568,0.05690152615384619,0.07235462151515153,0.08694734633333336,0.12339657750000001,0.203550606875,0.217344014375,0.13393298062500003,0.222466035,0.24,0.24,0.24,0.24,0.24
o5_gr_e06,B,1,0.134493919375,0.218274825,0.24,0.24,0.24,0.24,0.039434876399999985,0.061535889310344816,0.08558607434782607,0.10989124631578946,0.17250339874999998,0.23215245687499997,0.016540415263157887,0.025150457727272715,0.04410438275862069,0.062142684857142846,0.07626414999999999,0.07838184967741935,0.01788921428571427,0.023610710370370363,0.036485518571428566,0.039175976,0.04558235714285712,0.05599412571428573,0.06803810499999999,0.08215671962962962,0.13242411937499998,0.122735975,0.19883639874999998,0.08066502045454543,0.24,0.24,0.24,0.24,0.24,0.24
o5_gr_e07,C,2,0.24,0.18630439,0.148069855625,0.20167851125,0.17793348999999997,0.15953039062500002,0.24,0.075506003125,0.11971202125,0.031761341250000005,0.040279087500000005,0.06396727396226415,0.19551292750000002,0.029968628749999997,0.048239581249999997,0.030871415555555545,0.054272416875,0.08063407630434784,0.06743554874999999,0.015747500499999997,0.05480489875,0.0915181625,0.11006849874999997,0.21498909500000002,0.045938443125,0.07762960828571429,0.14414879966666663,0.24,0.24,0.24,0.06234232499999998,0.214131704375,0.24,0.24,0.24,0.24
o5_gr_e08,B,1,0.24,0.24,0.23032898812499997,0.18327612062499998,0.183933030625,0.20399903,0.05288546727272727,0.060330061153846135,0.06773920294117648,0.07211452399999999,0.07606215277777777,0.08021924736842105,0.01906258318181819,0.026632960833333334,0.03547280684210526,0.04140433499999998,0.051170715,0.0610181726923077,0.016869983157894737,0.0241883073076923,0.034159487999999995,0.03963580636363637,0.044613517826086954,0.05324890142857142,0.06588417807692308,0.07995939037037035,0.09415603181818179,0.09062644130434784,0.09444429066666665,0.09147608937500001,0.24,0.24,0.24,0.24,0.24,0.24
o5_gr_e09,B,1,0.205594026875,0.20716511125,0.19055614999999998,0.20240239,0.195908974375,0.18337616,0.0403059317647059,0.049184990434782604,0.06587038739130435,0.07753956227272728,0.0885313825,0.09969331346153848,0.08484732875,0.021620798333333344,0.035543081739130455,0.0510229443478261,0.066914744,0.08466632848484851,0.08360811375,0.021736187142857154,0.0382126885714286,0.05124241857142858,0.06356846681818183,0.07821795400000003,0.056787038620689664,0.07428819513513514,0.09832123117647061,0.1104547503448276,0.11474235285714286,0.11146123705882355,0.179139141875,0.24,0.24,0.24,0.24,0.24
o5_gr_e10,B,1,0.156273966875,0.184610200625,0.24,0.24,0.24,0.24,0.03592591894736843,0.0522825376923077,0.07552722272727275,0.09460302611111113,0.13713954125,0.11489927062500001,0.016945575789473706,0.02361230363636365,0.03987866952380955,0.05235191620689657,0.06414088407407409,0.07055974187500003,0.012961468888888904,0.01948447590909092,0.032890113809523815,0.04261861629629632,0.0537603492,0.060284155357142884,0.04058902583333335,0.058179641935483896,0.08653753166666671,0.10086531935483871,0.10203898318181821,0.1734943725,0.06849632761904763,0.11834287687500003,0.22283105125,0.24,0.24,0.24
o5_gr_e11,B,1,0.18253923875,0.22921370749999997,0.24,0.24,0.24,0.24,0.04342314791666668,0.06479975700000004,0.09215531590909093,0.10953076000000003,0.153691660625,0.19987473374999998,0.01903873150000002,0.030023933846153865,0.047442122400000016,0.06126903687500004,0.06892968800000003,0.06876273181818182,0.014621615000000024,0.019945851428571443,0.032738752777777796,0.042180634400000014,0.054814574166666685,0.06507048851851854,0.03811575272727275,0.054126244137931045,0.07524587357142858,0.09248250062500003,0.10170597560000001,0.10609772312500002,0.06362216952380953,0.08142927473684212,0.17868088000000001,0.23179910562499997,0.24,0.24
o5_gr_e12,C,2,0.24,0.24,0.24,0.23162766999999998,0.21458754875,0.162943019375,0.14909501687499999,0.09600363578947368,0.09287234947368421,0.08736998434782609,0.08276614038461537,0.0801883809090909,0.0437135711111111,0.04099164653846154,0.04116142869565216,0.0448231575,0.048861226315789465,0.06147021399999999,0.026635436249999995,0.017147377142857134,0.03539986249999999,0.05926425161290321,0.07657062999999999,0.07723316944444443,0.026747238499999982,0.044457460666666664,0.07888139666666663,0.10997845200000003,0.16109084875000002,0.24,0.04228568250000001,0.06426133937499999,0.201656566875,0.24,0.24,0.24
