File,Class_GT,Class_GT_n,M1,M2,M3,M4,M5,M6,M7,M8,M9,M10,M11,M12,M13,M14,M15,M16,M17,M18,M19,M20,M21,M22,M23,M24,M25,M26,M27,M28,M29,M30,M31,M32,M33,M34,M35,M36,M37,M38,M39,M40,M41,M42,M43,M44,M45,M46,M47,M48,M49,M50,M51,M52,M53,M54,M55,M56,M57,M58,M59,M60,M61,M62,M63,M64
o1-01_gr_e01,B,1,1,1,1,1,1,1,1,1,1,1,1,1,1,1,1,1,0.59586225921522,0.5686698803329864,0.7884035520833335,1,1,1,1,1,0.08867325591715974,0.06500082248520708,0.10656155678670358,0.13908943667296783,0.20257812925170066,0.21672528254437864,0.271657832,0.21655360262345674,0.09023394499999993,0.08336690322580642,0.09471046691871453,0.15539443598615918,0.15862332851239663,0.17556647519999996,0.19889850480109736,0.18799224999999994,0.7887620443213296,1,1,1,1,1,1,1,1,1,1,1,1,1,1,1,1,1,1,1,1,1,1,1
o1-01_gr_e02,B,1,1,1,1,1,1,1,1,1,1,1,1,1,1,1,1,1,0.50933425390625,0.7873284010416663,1,1,1,1,1,1,0.06808915888888885,0.06638056123662303,0.12668903086419747,0.15415865702479334,0.1949088511999999,0.22621298216735247,0.241954703433923,0.24296169335937495,0.09952745370370364,0.07570190702479337,0.13177761499999996,0.22425540123456783,0.20338420247933875,0.2541272830578511,0.3460423456790123,0.36492343749999995,0.3421919371804236,0.20908356815318718,1,1,1,1,1,1,1,1,1,1,1,1,1,1,1,1,1,1,1,1,1,1
o1-01_gr_e03,B,1,1,1,1,1,1,1,1,1,1,1,1,1,1,1,1,1,0.23422926237095057,0.4535475657439446,0.60480712890625,1,1,1,1,1,0.08455240532544392,0.07582805786911852,0.1062978090277779,0.18499127777777793,0.18902892160000007,0.2703336465028357,0.33785367120181425,0.3325053767361113,0.10368660000000017,0.0913838418209877,0.1214110443213298,0.15819429000000015,0.1441824197384068,0.2251385860113424,0.2701738264462811,0.23227718111111123,0.8176473085937502,1,1,1,1,1,1,1,1,1,1,1,1,1,1,1,1,1,1,1,1,1,1,1
o1-04_gr_e04,B,1,1,1,1,1,1,1,1,1,0.42159232666666635,0.5387278202479339,0.6136315799999998,0.657516515235457,0.5378138194444444,0.7041820864197529,0.521850792,1,0.41690186703601095,0.26698008727810646,0.2995235744,0.3254960572916665,0.27609873333333323,0.39577395238095237,0.29950965888888875,0.768163568047337,0.16948640277777755,0.11926676999999991,0.12812529024943298,0.12832566540642712,0.13099180917159753,0.1624502169421487,0.15211363237311373,0.24993300173611097,0.07208652444444427,0.0932840207612455,0.09265935734072009,0.12723752941176455,0.10379734593572768,0.1632786484374998,0.13111579962192804,0.23006586749999988,0.2542674207999999,0.2564010624999999,0.2744756238185255,0.2518940031999999,0.2253939699999999,0.3012592892561982,0.23092471175858473,1,0.36691917871093727,0.5040631209829864,0.6544097037037035,0.5861015825,0.4723439792,0.5534958072562357,0.6079384155124652,1,1,1,1,1,1,1,1,1
o1-04_gr_e05,B,1,1,1,1,1,1,1,1,1,0.7753789444444447,0.8217017958477509,0.8792869492187503,0.884077953125,0.6080354914933839,0.8666863242187501,1,1,0.5503308666666668,0.2822971569560048,0.3296605295857989,0.348772878698225,0.2797894793388431,0.3384574467455622,0.25742554967281395,1,0.09030986111111118,0.11873562811791391,0.13919922437673138,0.14482857596371887,0.11030314625445903,0.15248964399092982,0.12445511778703157,0.5749200156250003,0.06353956250000008,0.10746531487889285,0.08462704988662141,0.13824974489795933,0.09151651562500009,0.14014257716049391,0.1426370224000001,0.3291984201183434,0.2723068505859376,0.255954551508845,0.28813892984693884,0.2714724042806184,0.21927485632653068,0.28509945404663933,0.260905018365473,1,0.9613142091836736,0.9900238724489797,1,0.9621315714285718,0.6348942380952382,1,1,1,1,1,1,1,1,1,1,1
o1-04_gr_e06,B,1,1,1,1,1,1,1,1,1,0.7751990622837369,0.6378088375000002,0.43012343043995255,0.6379945600000001,0.7045273950617282,0.589903351473923,0.38506487096774206,1,0.7459041487603308,0.3148364861111112,0.23804462851196675,0.27589146683673477,0.3296492847222222,0.27381707908163266,0.2539687895362664,0.5821246804733731,0.30291212244897986,0.12987650138504164,0.08190205229591843,0.13957765000000005,0.1467732797783934,0.14597477750000004,0.11459468320000007,0.20803490929705218,0.12034291836734716,0.10027236734693884,0.05743397280000003,0.11902139285714293,0.11785884444444447,0.13311811718750005,0.08420477551020412,0.15912178443877556,0.5064419111111111,0.2447722534722222,0.16208858873456797,0.24080389053254447,0.25147299840000004,0.26653834400000004,0.2418194120707597,0.8429710000000004,0.59201303,0.5145708719008264,0.36446624511718745,0.506181373263889,0.5554561157024793,0.5195412673611112,0.7286638027681661,1,1,1,1,1,1,1,1,1
o1_gr_e01,A,0,0.09956628000000034,0.04301192346938786,0.10627448148148165,0.1449034221453288,0.3513355234375002,0.5408446562500001,1,1,0.1401365714285717,0.07712176543209893,0.09384629629629639,0.13471325617283963,0.29722559556786715,0.5524289200000002,0.8504430625,1,0.19544488888888906,0.09337744444444461,0.09218989940828416,0.1864208177777779,0.30688940432098777,0.5467276222222223,0.9029512561983472,1,0.055406900000000196,0.10798508641975325,0.10779718343195276,0.19006891015625008,0.3090929567901235,0.5743545714285716,0.98108915,1,0.058411061224489844,0.12084780246913598,0.12475944378698237,0.2129319422222223,0.430512627218935,0.43691520987654336,0.9666186799999998,1,0.13843804861111123,0.11523801020408182,0.18099869230769247,0.26636261224489804,0.3278749896193772,0.6047493195266272,0.7880984583333336,1,0.26943256250000025,0.24288038000000015,0.22050173469387768,0.3654997685950415,0.449331153846154,0.8497221234567901,0.90399971,1,0.1408456398891968,0.13986597920000005,0.17592708800000012,0.19404715500685882,0.22178211862244904,0.3208142362948961,0.37612252741020796,1
o1_gr_e02,A,0,0.2139311944444441,0.10912987499999978,0.04852729585798799,0.08986004081632638,0.19374301662049856,0.3442988950617282,0.6025891479289941,1,0.1435818271604936,0.09499422222222198,0.043835999999999764,0.09993747928994064,0.20610142592592576,0.4020411244444443,1,1,0.13724593827160475,0.09656714814814794,0.09133475308641954,0.12776511805555538,0.17467927249999987,0.47825793749999984,0.49446774222222195,1,0.05445033057851214,0.05846500694444431,0.12640855555555547,0.12147687109374987,0.25751644888888875,0.47445074999999975,0.49249503555555546,1,0.07791290277777761,0.10373473999999983,0.10598196428571413,0.19074180473372762,0.24971186328124986,0.44722610650887556,0.5023485599999998,1,0.1535216944444442,0.133022801020408,0.18179169822485183,0.22580741420118325,0.3040444438775508,0.4316001326530611,0.6892217685950408,1,0.2020698533333332,0.2592588194444443,0.3144070138888887,0.29241211834319514,0.4388801239669418,0.5623646115702478,0.8307879629629626,1,0.23899899722991683,0.19197138905325437,0.24304921739130417,0.23936805208333323,0.23706040159999997,0.3369719944598337,0.330211241735537,1
o1_gr_e03,A,0,0.18883940828402354,0.17054732653061216,0.155320831111111,0.14048911296076097,0.2771791562499999,0.34050344479999994,0.4764959483471073,1,0.205847185185185,0.2016672592592591,0.19895911111111092,0.20447799489795904,0.2846413806228373,0.4370969921874998,0.5540143944636677,1,0.09661276530612233,0.1018191538461537,0.104778551020408,0.2261538399999998,0.2512449843749999,0.41338871111111103,0.4418130370370369,1,0.05939610650887557,0.07972401999999972,0.1375572839506171,0.13916295266272175,0.22092024609374994,0.3797143163265306,0.46474949777777774,1,0.0695450799999999,0.06293221527777762,0.12992432098765408,0.1430988124999999,0.2096055051020407,0.3044034,0.37936068749999985,0.8122352098765433,0.15604694444444434,0.1273503199999999,0.11884852083333321,0.18353612345678985,0.20477704861111093,0.27579843877551014,0.39332021893491104,0.6759897407407405,0.2525781499999998,0.16932658677685933,0.20785519999999982,0.2712671562499997,0.2352191099999998,0.30081083471074366,0.30889408284023656,0.7415304693877549,0.25024204861111093,0.1497677119113573,0.1529196874999999,0.18282953979238742,0.18777428906249985,0.1941836608996539,0.21951439453124985,0.36875071527777764
o1_gr_e04,A,0,0.10835870312500011,0.13211130859375012,0.1434470450000001,0.19951572750000016,0.23385387528344687,0.27131945867768603,0.46687617333333364,1,0.12094337000000015,0.11142552777777799,0.16322844628099187,0.20927140277777787,0.25209641777777786,0.3704648469387757,0.6108733057851243,1,0.09662438271604969,0.09402454320987677,0.10322397916666685,0.12745907100591736,0.21073163265306138,0.32182738775510217,0.46820025443786994,1,0.05155846280991747,0.06356695041322326,0.11266453086419778,0.1308202300000001,0.18447517159763333,0.28515366326530633,0.36364216000000016,0.8754362644628101,0.06006052083333353,0.05975343750000016,0.11237941975308671,0.11890124691358045,0.1195974933333334,0.21128816955017318,0.3868779693877552,0.9237202700000002,0.11128976543209891,0.1089734691358027,0.11796313888888903,0.14566214049586804,0.12850015972222234,0.20615809183673486,0.2986209296875002,0.9697487551020413,0.15142603703703722,0.13284119008264483,0.18329638194444461,0.31885085937500013,0.2254343333333336,0.25705246000000026,0.32411022485207114,0.9213999444444448,0.13621372189349132,0.10246681611570255,0.17975641274238235,0.23383613281250018,0.2156533979591838,0.1818204140625001,0.19381192500000013,0.5268256100000002
o1_gr_e05,A,0,0.14628535502958562,0.10715294531249982,0.15084024444444424,0.1529937506925206,0.20854393249999983,0.33502648828124987,0.5046010769230768,1,0.12514764583333315,0.11911996296296262,0.11037405917159746,0.17752295833333306,0.2159320977777776,0.3070428124999998,0.5070566133333332,1,0.10453687603305759,0.08301280246913553,0.10796723456790093,0.10181155612244881,0.195915142222222,0.3546506224489794,0.3335334801097392,1,0.042819419999999664,0.056310256198346835,0.10693388888888856,0.09895442011834295,0.18304458163265294,0.27563858131487873,0.39128331292517,1,0.08260013999999971,0.07475843801652862,0.11515930864197495,0.11204359999999967,0.141556702222222,0.2513897404844289,0.32524641493055534,1,0.1372181805555554,0.12279218055555534,0.12373786111111085,0.11923060330578483,0.11913601530612228,0.25465359111111086,0.35064732325141773,1,0.21657280555555533,0.25815575308641936,0.2410246599999998,0.17287906508875717,0.22260842187499968,0.24508830769230747,0.3669771244444443,1,0.22667705859374981,0.17813209070294772,0.20418942936288076,0.21549899307958456,0.13566508999999982,0.1389695206611569,0.1649457877777777,1
o1_gr_e06,A,0,0.16374581717451517,0.1814187777777777,0.13789445661157015,0.17598724952741007,0.2482930430839002,0.3244097574999999,0.4133392768000001,1,0.19333631944444435,0.1435524513888887,0.22092577777777767,0.1958706035502957,0.2664560844444443,0.3658315397923875,0.4009870414201183,1,0.09899496444444433,0.1203153703703701,0.10973099999999983,0.1397672499999999,0.20939564062499985,0.3209848518518518,0.40683376562499995,1,0.04065715816326515,0.06359655371900803,0.11758183950617268,0.12397583471074362,0.17942798469387736,0.257908326869806,0.32373866715976324,1,0.07425976388888873,0.06243580555555544,0.10793802469135784,0.10769992592592577,0.12042681122448969,0.20990020679012342,0.3204900671999999,1,0.11091524260355015,0.1270378765432096,0.1349947654320986,0.13218744444444414,0.1308668765432097,0.13548757249999993,0.31171612654320974,1,0.20908085185185163,0.1598794499999998,0.20874224999999974,0.17396832231404938,0.17653876543209854,0.11843652734374992,0.2087057075,1,0.18791218934911225,0.1436297958477507,0.1470715678670359,0.22467511224489775,0.18603803111111103,0.1364534140624999,0.15906238781163423,1
o1_gr_e07,A,0,0.054106363636363404,0.0793515612244896,0.20295021527777746,0.31957781944444424,0.358572871111111,0.4690443955555554,0.4939091107266434,1,0.11465913888888848,0.08790805325443768,0.18030539053254419,0.3137085277777776,0.3396340273437499,0.5709324930555552,0.5400766562499999,1,0.10922876859504116,0.12540346999999974,0.22184277777777753,0.21489128515624986,0.3400561132812498,0.4660753828124998,0.5634765882352941,1,0.09073333136094655,0.20158439062499967,0.16086658579881633,0.23789605468749986,0.3811759531249999,0.5235967109374999,0.619564543252595,1,0.1075374652777776,0.18855880246913562,0.20077364583333304,0.2686023867187499,0.4137017304687499,0.5563972460937499,0.9079940555555551,1,0.14707699173553695,0.2062481358024689,0.1844555555555554,0.34215718877551,0.49008615555555535,0.5970757812499998,1,1,0.2095796666666664,0.19788793388429726,0.2706560555555554,0.3170395605536331,0.5400974044444443,0.7834069171597631,1,1,0.08816065595463128,0.1626388685121106,0.1808596239669421,0.1974136611328124,0.31910422592152177,0.4651395989583333,1,1
o1_gr_e08,A,0,0.13210963888888871,0.17476833333333316,0.21071048979591833,0.30394050000000017,0.26451749382716044,0.2867065679012345,0.36254929629629623,0.7513984722222222,0.06763788888888879,0.11147031249999997,0.1724299183673468,0.12607446527777774,0.21477052999999993,0.22054679861111107,0.23841404888888884,0.47723387999999994,0.07380025925925933,0.09137815625000004,0.14087324489795927,0.11354779289940817,0.18497037869822489,0.26167782248520705,0.3023989022222222,0.5208651652892562,0.038498756944444476,0.0720520799999998,0.1472249687499998,0.13762067455621302,0.23179818343195263,0.30941144897959183,0.4139416989795919,0.8430130312499999,0.05411703061224489,0.10516719753086422,0.14342785999999996,0.16391659555555552,0.2562185555555556,0.3525849555555555,0.4898118826530613,1,0.1301619799999999,0.14517438999999993,0.15473266666666666,0.20045767968749997,0.34484547959183676,0.4196726399999999,0.5944953491124261,1,0.1416564591836735,0.23361565432098758,0.2635669199999999,0.28153305612244894,0.41327227551020407,0.5709175384615384,0.6072928316326531,1,0.1253210472589792,0.14134748347107443,0.15908766319444442,0.16605192089843746,0.2631251441326531,0.30941824137931034,0.41017425520833334,1
o1_gr_e09,A,0,0.17020510937499977,0.1426329999999998,0.15671636999999994,0.273972632653061,0.3052307551020407,0.27510456790123433,0.3761405714285713,0.44571537037037023,0.15272285714285683,0.12334874074074063,0.13743301999999985,0.10716568367346929,0.22282306172839483,0.20612949999999985,0.2373398698224851,0.3242577100591715,0.10898219753086409,0.0883364691358024,0.11187195061728374,0.11548795138888877,0.2176371599999998,0.2087296326530611,0.28648233673469375,0.43550097222222195,0.05268097520661146,0.062406016528925405,0.12223911111111105,0.12125372189349096,0.1828293555555554,0.23641100346020744,0.3726882908163265,1,0.07237031249999987,0.08943567999999985,0.11272637499999988,0.1505477066666666,0.22895269140624988,0.3353470666666666,0.394734734375,0.940893390625,0.14782430864197513,0.1285110399999999,0.13606802366863896,0.2112036977777777,0.30793678515624995,0.4078630933333333,0.5164537295918364,1,0.17577955999999978,0.16704546999999978,0.20408721527777765,0.23990843252595148,0.3979471333333333,0.5283419234693877,0.6294937159763314,1,0.1310149320987654,0.10432186239999992,0.12823632699167656,0.18725473222222214,0.2536393322222222,0.358666816,0.41780253497164455,1
o1_gr_e10,A,0,0.19425576953125018,0.22195089453125014,0.219587213296399,0.3240735204081635,0.2866815951557094,0.33223451,0.6864683402777779,1,0.14670200390625013,0.21811090082644644,0.22556045833333352,0.23202071428571444,0.30893297333333347,0.4223724982698963,1,1,0.11203582248520726,0.1639892469135805,0.16795952066115716,0.17347084765625015,0.2875954290123458,0.3920019637188209,0.939975423611111,1,0.05485903061224509,0.19110280555555587,0.10337404081632669,0.17809813494809704,0.32169942592592615,0.4382523922902494,0.9274459526627221,1,0.05131816015625013,0.18650491666666696,0.11545216666666684,0.1819215625000001,0.27116031578947375,0.3626411880165291,0.763585642857143,1,0.1358554814814818,0.18605472222222263,0.12030108875739669,0.23169599408284047,0.32568647959183683,0.3723644948096887,0.5125580390625002,1,0.14313204958677705,0.19752410204081655,0.14888236094674573,0.3068324444444446,0.4407456736111113,0.65939885,0.625317579881657,1,0.17155336363636392,0.10799504296875012,0.11702636157024807,0.2072639725000001,0.3242293703703705,0.4380804843750001,0.533306088888889,1
o1_gr_e11,A,0,0.2177350617283953,0.09938564814814826,0.1530954083044984,0.19502800907029488,0.2903114238227148,0.3805206190476192,0.7503417653061226,1,0.15348327777777798,0.1678050246913583,0.1601782958579883,0.2404276326530614,0.31842929411764725,0.35520633284023684,1,1,0.14451245138888907,0.15126703703703723,0.15792558333333354,0.20670558593750016,0.3165802875000001,0.4299426960000002,1,1,0.05727137333333346,0.08072531250000015,0.12821178698224872,0.22217119531250012,0.2684039444444445,0.5598928437499998,1,1,0.08701375000000015,0.10755382644628124,0.14977600694444465,0.20500711791383233,0.3646652378472222,0.5918196691871458,1,1,0.13292102083333351,0.13556920833333352,0.1716121836734695,0.2450837993827162,0.3517270495867769,0.5126374744801513,1,1,0.1413745000000002,0.18620294000000026,0.25851663888888904,0.3324518203125001,0.5168974648437501,0.7755776989795918,1,1,0.15957750222222233,0.13449638227146826,0.1660502592000001,0.22571605994897967,0.4144983492063492,0.6054213487654323,1,1
o1_gr_e12,A,0,0.17442672916666674,0.12965836111111115,0.112004053254438,0.10942996500000002,0.20062267485822313,0.3250506197916668,1,1,0.1472624082840237,0.12918825925925936,0.14215903703703714,0.1359786222222223,0.2560224845679013,0.3520352447916667,1,1,0.11473127218934913,0.10853151851851862,0.1337107654320988,0.14096887555555562,0.26946421453287206,0.3985731496598639,1,1,0.0469680133333334,0.06925714876033062,0.13248061728395075,0.14411255111111118,0.272153027681661,0.4277408808864267,0.8633509822485206,1,0.07776391124260368,0.08869172727272737,0.13775504938271613,0.14386162666666671,0.24870700277008317,0.5117598044444447,0.63975665234375,1,0.14678327810650893,0.1531170987654322,0.12484789583333336,0.1779530236686392,0.28805693367346946,0.35796991666666683,0.39323804725897926,1,0.29870365625000006,0.16967982000000004,0.18037845454545456,0.22850172781065095,0.3489468181818182,0.33891355078125,0.6109627013888889,1,0.2098510357142858,0.11852138095238104,0.13821085714285716,0.18189129132231405,0.21856659924385638,0.3258402716049383,0.4824683214285715,1
o2-01_gr_e01,B,1,1,1,1,1,1,1,1,1,1,1,1,1,1,1,1,1,1,1,1,1,1,1,1,1,0.2029265555555557,0.14391997222222253,0.20836804861111127,0.31922486419753104,0.25997708264462827,0.34676882716049406,0.4645560816326532,1,0.13720670370370378,0.11896226388888897,0.3376768611111115,0.3767131020408167,0.30245618000000013,0.3992219506172842,0.4962774691358027,1,0.3808210193905817,1,1,1,1,1,1,1,1,1,1,1,1,1,1,1,1,1,1,1,1,1,1,1
o2-01_gr_e02,B,1,1,1,1,1,1,1,1,1,1,1,1,1,1,1,1,1,1,1,1,1,1,1,1,1,0.21505472222222202,0.13420314285714263,0.2163041487603305,0.2857820740740741,0.2133815266272189,0.5243678333333335,0.3551323899999999,0.76047368,0.12900114497041418,0.11844535445362715,0.3536565236686391,0.640773995,0.3793072098765432,0.7579719199999999,0.7366374722222221,1,0.27314752409280196,0.34364006122448976,0.879185432132964,1,1,1,1,1,1,1,1,1,1,1,1,1,1,1,1,1,1,1,1,1
o2-01_gr_e03,B,1,1,1,1,1,1,1,1,1,1,1,1,1,1,1,1,1,1,1,1,1,1,1,1,1,0.10605497505668932,0.11825460888888886,0.24177338271604928,0.4174612777777778,0.6012490799999999,0.5224147551020409,1,1,0.12539536212278873,0.1252246111111111,0.38819216,0.3698341428571429,0.22196431122448979,0.5027392857142855,0.3720018699999999,0.6735268055555554,1,1,1,1,1,1,1,1,1,1,1,1,1,1,1,1,1,1,1,1,1,1,1,1
o2-04_gr_e04,D,3,1,1,0.6560608055555555,0.35839498454221164,0.7410613140495868,1,1,1,1,0.443891549382716,0.3972447958477508,0.35863141015089167,0.5985928507653061,1,1,1,0.52788639453125,0.32733307936507927,0.31838289273356396,0.33371654437869813,0.7445353553719005,1,1,1,0.08226525390624992,0.14631936332179926,0.16403761904761904,0.21742797687499998,0.8123387596371884,1,1,1,0.06466168888888878,0.06001214249999996,0.14623224221453276,0.1998693243801652,0.8087172358276643,1,1,1,0.19785448526077093,0.16007685937500005,0.19676976816608996,0.19453692252066113,0.9415434444444445,1,1,1,0.4525149599999999,0.3556977923875432,0.31915658593749996,0.2290614710204081,1,1,1,1,1,1,0.7068038124999997,0.3453447530864197,1,1,1,1
o2-04_gr_e05,D,3,1,1,1,0.43702146280991716,0.5005481404786679,1,1,1,1,0.5150795955555555,0.49286583111111104,0.2905901736028537,0.4641175830078124,1,1,1,0.5753369526627217,0.3930479757785466,0.4587655325443786,0.35585219274376406,0.5329565624999999,1,1,1,0.11918366666666645,0.19662445408163257,0.17149616115702473,0.23177212903225797,0.42634700462962966,1,1,1,0.07031402469135774,0.07531236728395052,0.14118914512471648,0.22973012486992703,0.43066742669753083,1,1,1,0.20213334722222207,0.13383915680473363,0.3093653955555554,0.22198628222656241,0.4021995616343489,1,1,1,0.2686649002770081,0.3117961274238226,0.435845422222222,0.33794352607709754,0.5208613737244897,1,1,1,1,0.6960543899999998,1,0.4677654671280275,0.5148036909722221,1,1,1
o2-04_gr_e06,D,3,1,1,1,0.5054265308641975,0.647958251736111,1,1,1,1,0.46326549333333317,0.5411389652777775,0.29792481377551017,0.45671905601469226,1,1,1,0.5174529881656802,0.38658503124999993,0.4310116153846153,0.34253404535147386,0.5975119791999999,1,1,1,0.10518869135802464,0.18446190816326524,0.18245298614958447,0.21784055648038048,0.38637344850255656,1,1,1,0.059871729999999956,0.07249603047091406,0.16017973702422136,0.2067018311533888,0.3721327770083102,1,1,1,0.17241260317460314,0.15039605707491072,0.2909911764705882,0.24620632100591713,0.3667280164365549,1,1,1,0.5484763786982247,0.36889520750000004,0.5897005277777778,0.4123141176470588,0.34074824391847464,1,1,1,1,1,0.8752019999999999,0.5027622421874999,0.3062177468902109,1,1,1
o2-07_gr_e07,B,1,1,1,1,1,1,1,1,1,0.677668698979592,1,1,1,1,1,1,1,0.4208490969387755,0.3173706734693877,0.37397587654320996,0.5839341183431952,0.4141256759002769,0.44637766435986154,0.4626136679687499,1,0.13115392999999992,0.16415242975206612,0.15130292968749995,0.23163432638888892,0.21856798979591835,0.29852320138888894,0.3067000625,0.228541731301939,0.12770564062499992,0.1453610347222221,0.16517631952662723,0.24658003305785114,0.2626583819444444,0.34234372727272727,0.34202146527777777,0.27437931301939045,0.6019855277777777,0.3450787083333333,0.36488350887573956,0.3722689897959183,0.45401998816568057,0.44976555102040816,0.5596308402777778,0.4412411728395059,0.5746001597222221,0.49298094387755104,0.4845435866666667,0.662928097222222,0.6942202777777777,0.6778705502958579,0.7610921805555554,0.8336514444444445,1,1,1,1,1,1,1,1
o2-07_gr_e08,B,1,1,1,1,1,1,1,1,1,0.8172918264462811,1,1,1,1,0.9411763194444445,0.8275514497041423,1,0.34157554296875,0.4151369619377164,0.38803470370370374,0.427332638888889,0.5214308515625001,0.4967708046875002,0.4520398719723184,0.635333888888889,0.11193802666666673,0.14632842011834327,0.2106201250000001,0.26431069421487624,0.25712584615384626,0.25752806632653075,0.24445350222222234,0.21781763500000006,0.1670415679012347,0.1561532485207102,0.2385406049382719,0.22637800000000013,0.26126758333333344,0.27314756944444457,0.3045262916666668,0.2117212603305786,0.4224639591836736,0.4223840051020409,0.5198358194444446,0.5527541652892562,0.3728338888888889,0.43365457812500013,0.47084546222222223,0.43908185813148803,1,1,1,0.8131070625000002,1,0.848565361111111,0.843254465277778,0.8618834027777781,1,1,1,1,1,1,1,1
o2-07_gr_e09,B,1,1,1,1,1,1,1,1,1,1,1,1,1,1,1,0.9511875266272186,1,0.6716909834710747,0.40004535156250004,0.42940523582766443,1,0.6881394234693877,0.48329689473684223,0.4803738027681661,0.36356885330578526,0.002256750000000085,0.12154126222222218,0.18548413775510206,0.25063349305555566,0.2925109791666667,0.2825432781065089,0.34060746527777785,0.18007327434842257,0.1008930000000019,0.12452815384615389,0.20371059722222237,0.2972568148148149,0.2502847346938775,0.35251879861111113,0.3650987159763313,0.2134210631001372,1,0.33778484693877564,0.4421782499999999,0.49890364583333335,0.4525944999999999,0.544559905325444,0.6107477847222222,0.3114111908284023,1,0.5744610510204079,0.6955877430555557,0.8899233400000002,0.9229963000000001,0.7894264861111111,0.7902776736111113,0.5809030069204153,1,1,1,1,1,1,1,1
o2-10_gr_e10,B,1,1,1,0.9178926666666668,1,1,1,1,1,0.7579683888888888,0.5240442812500001,0.4817699000000001,0.887442638888889,0.7559798593750001,0.7183935555555558,0.8883545781249998,1,0.3250096913580248,0.3145873703703705,0.32212871000000004,0.5623364693877553,0.4932703827160494,0.5365602962962965,0.54058062,0.5747372799999999,0.06282354687500011,0.16052390625000013,0.19748435937500008,0.3204418055555558,0.30073757812500007,0.25725067768595056,0.31338598000000006,0.2747943155555556,0.12168619000000001,0.17293765432098782,0.18309861000000005,0.2640658906250001,0.43578880000000025,0.25901380000000007,0.2713240300000001,0.2145119814814815,0.38762510937500017,0.34401625000000013,0.38536891000000006,0.3911201487603307,0.7008057346938775,0.5403746419753087,0.5404258024691359,0.4107738666666665,0.5847216790123458,0.6056586049382716,0.5582330330578512,0.8145538125,0.7959288395061733,0.72326947,0.7622781999999999,1,1,1,1,1,1,1,1,1
o2-10_gr_e11,A,0,0.2336480000000002,0.06493240816326529,0.166666925925926,0.26657308264462815,0.3612524142011835,0.44347843367346945,1,1,0.18679925000000125,0.08123818367346944,0.14991995857988175,0.4228110123456792,0.4708992222222223,0.8102664938271603,1,1,0.25340300000000066,0.1828696250000001,0.2452443281250002,0.6233454444444445,0.6366294567901236,0.9511578593750002,1,1,0.05897158333333328,0.1456960833333334,0.16513146527777783,0.3638867272727274,0.6460989259259259,0.7089923636363635,1,1,0.0819500204081634,0.12014511111111122,0.22691508000000005,0.3496824097222223,0.5411565763888889,0.9200103333333334,1,1,0.1592851944444447,0.13119053000000014,0.25479966942148763,0.4104834710743803,0.5532587152777778,0.9282488024691359,1,1,0.17761922448979608,0.285520224489796,0.33707310000000007,0.5136299300000001,0.6958005100000003,0.929893901234568,1,1,0.26181688888888904,0.23713176000000014,0.36598267000000007,0.46251003472222213,0.878007125,0.9304489382716049,1,1
o2-10_gr_e12,B,1,1,0.8206872777777775,1,1,1,1,1,1,0.3124858099173552,0.35008680991735525,0.42176777685950395,0.6372937530864196,0.811375671875,0.7341749899999997,0.9922923281249996,1,0.2019236543209875,0.3035475624999997,0.27754967768595024,0.3941736799999999,0.5701064531249999,0.5212261999999999,0.4641074375,1,0.05873196296296273,0.12501185937499995,0.16015081249999996,0.1779235699999999,0.3973766666666664,0.3347965781249999,0.27520767999999984,0.2687925347222221,0.0821837530864195,0.1283131406249998,0.13049482644628085,0.21105662999999988,0.4787648799999995,0.24700639999999985,0.2606125599999998,0.4265554999999998,0.2808793061224488,0.26453753124999985,0.3123841111111108,0.3657374399999999,0.8091397199999998,0.4948909012345678,0.45295442999999985,0.9179699199999999,0.34722646913580224,0.3764696296296294,0.4579566049382715,0.5648138641975308,0.8117386530612244,0.7026429135802468,0.67556477,1,0.6838491111111109,0.6027409795918365,0.8364749999999999,1,1,1,1,1
o2_gr_e01,C,2,1,1,1,1,1,1,1,1,1,0.8369087851239666,0.5335736622222221,0.33297873345935713,0.4991449733727811,1,1,1,0.1921987695312499,0.36038583641975297,0.28125955124653723,0.24595790359168232,0.2757521806381827,0.8478716204986149,1,1,0.06883371999999985,0.1266692755555554,0.16182558673469366,0.1575632223999999,0.28152515111111104,0.44096045816186547,0.8812862844444442,1,0.11167991735537162,0.1741629012345676,0.20568551479289923,0.19839740138408293,0.23462725619834707,0.2754139615384614,0.41836973724007553,1,1,1,1,0.4317264442344044,0.37298113016528917,0.3797898974999997,0.38385955955678674,0.4107950185950412,1,1,1,1,0.9734155138888889,0.6989410429687498,0.5139649799999999,0.4927143324999999,1,1,1,1,1,1,1,1
o2_gr_e02,C,2,1,0.9822420800000006,1,1,1,1,1,1,0.7010362000000001,0.3337508611111112,0.28991133163265304,0.2870733431952664,0.20010980864197536,0.199788495308642,1,1,0.26360272839506177,0.2365319669421489,0.2336178472222223,0.24849942148760346,0.16107024567474051,0.517865770661157,1,1,0.09219977685950419,0.11225520138888893,0.12643782222222227,0.16257367346938784,0.26092356104252407,0.5494378005540167,0.6832226358024692,1,0.16617591358024708,0.1544900355029587,0.14241402000000006,0.20583065500000006,0.37497968518518515,0.4981096604938274,0.7560012355555557,1,1,1,1,1,0.6048282100000001,0.40893017,0.604157750865052,1,1,1,1,1,0.9428597866666668,0.8189144444444445,0.6517804629629631,1,1,1,1,1,1,1,1,1
o2_gr_e03,C,2,1,1,1,1,1,1,1,1,0.5122753866666668,0.6459070833333334,0.38996500692041525,0.3057835000000002,0.3980656904296876,1,1,1,0.2010083988657846,0.26746915789473696,0.22700590000000015,0.25065462573964503,0.41931290011890615,0.8813545121107267,1,1,0.08140949134948113,0.13881260946745577,0.15043132098765444,0.222708227810651,0.3998547728,0.5868121156462586,1,1,0.1787693906250001,0.17517167455621319,0.22741733673469405,0.21778438548752843,0.30391431611570263,0.4651362925000001,0.515803820247934,1,1,1,1,0.8391365644444447,0.5729251481481482,0.3714348663194445,0.5309060092592595,0.846033928994083,1,1,1,1,1,0.7277963324099723,0.7913970390625003,0.8757425204081635,1,1,1,1,1,1,1,1
o2_gr_e04,B,1,1,1,1,1,1,1,1,1,1,1,1,1,1,1,1,1,1,1,1,1,1,1,1,1,0.09136148000000022,0.10792334693877563,0.20986518367346949,0.2613322426035504,0.20620597448979602,0.5463386388888893,0.3318500826446282,0.15440168608799051,0.13538021604938283,0.12699465333333343,0.35608662500000016,0.38291754687500024,0.33907379000000015,0.6159186400000001,0.7322457222222223,0.19610847802469136,1,1,1,1,1,1,1,0.81702930449827,1,1,1,1,1,1,1,1,1,1,1,1,1,1,1,1
o2_gr_e05,B,1,1,1,1,1,1,1,1,1,1,1,1,1,1,1,1,1,1,1,1,1,1,1,1,1,0.082833308641975,0.1317678163265305,0.1611025820312498,0.2667520826446279,0.28063937278106493,0.4530109699999998,0.6055063906249997,0.2302591874999999,0.11462236328124986,0.12572671074380154,0.1639241399999999,0.37374690234374996,0.7247153599999994,0.6626891406249997,1,0.30245791666666666,0.27864114669421475,0.2313252552800735,0.4342543855999999,1,1,1,1,1,0.8412787603305784,1,1,1,1,1,1,1,1,1,1,1,1,1,1,1
o2_gr_e06,B,1,1,1,1,1,1,1,1,1,1,1,1,1,1,1,1,1,1,1,1,1,1,1,1,1,0.08449494082840245,0.1234577933884298,0.16059671555555557,0.35194203125000023,0.2542547291666668,0.3804761300000001,0.4039268595041324,0.14279211495844876,0.10317935,0.1507840360110804,0.1507367002551021,0.3121408657844991,1,1,1,0.4980780000000001,0.24528913991769558,0.2786025033333333,0.44075874305555557,1,1,1,1,1,1,1,1,1,1,1,1,1,1,1,1,1,1,1,1,1
o2_gr_e07,B,1,1,1,1,1,1,1,1,1,1,1,1,1,1,1,0.9786858402777778,0.54297226446281,1,1,1,1,0.7937308934911246,0.3584520529300568,0.5567059600000002,0.29249651953125005,0.06660424305555568,0.10120937755102055,0.24623042187500027,0.2853073800000002,0.2919905204081634,0.30718680468750015,0.48772209722222254,0.20626677469135807,0.09996768750000014,0.12081852000000008,0.21427951111111132,0.5020968958333334,0.4761503300000002,0.36407171455576576,0.5298205570934258,0.27648933818938615,1,1,1,0.8869747656250001,1,0.7874969814814817,0.8854693466666668,0.5714401609977324,1,1,1,1,1,1,1,1,1,1,1,1,1,1,1,1
o2_gr_e08,B,1,1,1,1,1,1,1,1,1,1,1,1,1,1,1,1,0.43690500295857976,1,1,1,1,1,0.33624805785123957,0.43090508024691365,0.284273637755102,0.08627677685950405,0.1182558347107437,0.17987939669421468,0.2099263367346938,0.27681538461538446,0.21619639000000002,0.44805028925619816,0.1515152426035503,0.11389968877551014,0.22654347933884275,0.2508875785123965,0.42241059504132233,0.5955619,0.3415231587301587,0.3535897871900826,0.23264408428720082,1,1,1,0.8683640355555553,0.84139807421875,0.6901902623456789,0.7109790546875,0.4590578987603306,1,1,1,1,1,1,1,0.956424822485207,1,1,1,1,1,1,1,1
o2_gr_e09,B,1,1,1,1,1,1,1,1,1,1,1,1,1,1,1,1,0.38710453032104614,1,1,1,1,1,0.7145237399999997,0.3608075433884296,0.28619062663495837,0.08655034710743773,0.09084143877550994,0.18570684999999976,0.2270791874999998,0.2599353418367345,0.3387413076923075,0.3099077024221452,0.201107655510204,0.11658144897959165,0.16668819999999984,0.2740051020408159,0.2649784177777776,0.46553372839506146,0.6016417024793387,0.39946957098765423,0.2288452314049586,1,1,1,0.7809709166666665,1,0.9377312091836734,0.5755552131519271,0.46861975992438554,1,1,1,1,1,1,1,1,1,1,1,1,1,1,1,1
o2_gr_e10,C,2,0.4334235679012349,0.9619788888888892,1,1,1,1,1,1,0.16869099382716063,0.2379338911564627,0.2938629602194787,0.7322002283737026,1,1,1,1,0.17652496527777786,0.19410147404844302,0.2134027599451304,0.3329975681581686,0.5110787588757396,0.6575136074380163,0.849251462962963,1,0.08290257988165695,0.08594923765432111,0.16297096398891978,0.23919215192743778,0.2218977419738407,0.38774669214876045,0.3853444400000001,0.3721316096938776,0.17148493750000024,0.14862519008264477,0.3838118888888893,0.4111266250000002,0.49003820987654334,0.48431607638888896,0.5465516388888889,0.26834043750000003,1,1,1,1,1,1,1,0.4715335992865637,1,1,1,1,1,1,1,1,1,1,1,1,1,1,1,1
o2_gr_e11,C,2,0.6503302448979591,1,1,1,1,1,1,1,0.20686715570934244,0.27542198500000004,0.3253097777777778,1,1,1,1,1,0.17587560355029583,0.22582403571428572,0.18355953780407622,0.46986927678571433,0.5938210677083332,1,1,1,0.06709780888888887,0.1197397768595042,0.1154287788279773,0.18975221900826447,0.32616431640624993,0.3428731363636364,0.40850965082644625,0.35312418749999996,0.11436927083333336,0.15970434999999997,0.21750964062499994,0.3655366249999999,0.45967029629629624,0.420054473372781,0.7921412299999999,0.23635382905982905,1,1,1,1,1,1,1,0.53416275,1,1,1,1,1,1,1,1,1,1,1,1,1,1,1,1
o2_gr_e12,C,2,1,1,1,1,1,1,1,1,0.3479160041322313,1,1,1,1,1,1,1,0.2172462290249434,0.2276802289281998,0.29829162207031257,0.7832009296875001,1,1,1,1,0.08502157031250002,0.1302465674740485,0.14145016124260357,0.3348795900000001,0.44760624489795936,0.48583090624999997,0.5619283827160494,0.20302962993572088,0.14349035937500002,0.18446100000000018,0.409543081632653,0.48425961111111093,0.5487334380165292,0.4538075347222223,0.46396118343195286,0.140934772,1,1,1,1,1,1,1,0.45929893402777766,1,1,1,1,1,1,1,1,1,1,1,1,1,1,1,1
o3_gr_e01,B,1,1,1,1,1,1,1,1,1,1,1,1,1,1,1,1,1,0.3728547155555556,0.34281902249999996,0.3922849390581717,0.7142635277777777,0.52399376,0.7460926776859503,0.6369783076923078,0.4276504238227147,0.10233087499999997,0.14039459693877548,0.16696698222222228,0.21841694897959182,0.2750367396449705,0.23929544140625,0.33202234183673474,0.21085641735537186,0.12322481000000007,0.11618088757396454,0.1914846859504133,0.22012860000000006,0.2832739644970414,0.29432168367346945,0.2773889296875,0.19809993055555558,0.305518234375,0.2514607145557656,0.3746584783950618,0.44060912500000016,0.5633234260355029,0.4752421015625002,0.5724007704081632,0.4710830138408305,1,1,1,1,1,1,1,1,1,1,1,1,1,1,1,1
o3_gr_e02,B,1,1,1,1,1,1,1,1,1,1,1,1,1,1,1,1,1,0.5012996627218935,0.5042054888888892,0.4396773944636681,0.5602852040816328,0.48316679238754334,0.5112152890625001,0.5953762091836736,0.5119733203125002,0.09271435937500015,0.16314247916666683,0.16928278666666688,0.23585711111111132,0.3100238888888891,0.24586408304498286,0.40486071900826476,0.18524522781065098,0.12722143055555574,0.13746518055555582,0.18800701530612265,0.23509925000000015,0.29913439795918384,0.3528854201183434,0.3427611836734696,0.20019632100591725,0.37481644387755114,0.2726053698347109,0.41960800000000004,0.49399512500000015,0.565298168367347,0.51594296875,0.6190588316326533,0.3799748367768596,1,1,1,1,1,1,1,1,1,1,1,1,1,1,1,1
o3_gr_e03,B,1,1,1,1,1,1,1,1,1,1,1,1,1,1,1,1,1,0.26619303500000013,0.2947317868480726,0.43444560156249995,0.5843528047337282,0.5407990510204085,0.6549565555555558,0.656226430555556,0.5030098719723186,0.08607846875000012,0.14749894674556233,0.1547048615916956,0.2692189230769232,0.23517047265625016,0.26369019140625016,0.3615433076923078,0.2956502352941179,0.13402526388888908,0.1365060946745564,0.2062663888888891,0.21546249704142026,0.2980883055555557,0.2833741124260357,0.2970933076923079,0.1774476267361112,0.31684959556786707,0.3478018448753463,0.3859940493827161,0.4413585847750867,0.45048099653979257,0.5231871422222225,0.6377465486111112,0.4386290934256055,1,1,1,1,1,1,0.8925047916666669,1,1,1,1,1,1,1,1,1
o3_gr_e04,C,2,0.8889418367346937,1,1,1,1,1,1,1,0.3342749555555556,0.3697127612456748,0.44837503047091415,1,1,1,1,1,0.2980903305785125,0.2932069349112426,0.2754740268595041,0.4487319775,0.59607901,0.8612311555555555,1,1,0.11909602366863908,0.1322348224852071,0.1783314320987655,0.23989840702479337,0.3125202479338843,0.3860809075,0.4392113300000001,0.791643909090909,0.23577785937500018,0.1742030266666667,0.20643489333333334,0.26925111111111116,0.24531934693877547,0.3112327751479291,0.4012147916666667,0.2861097575,1,0.3808893075000001,0.49119212109375,0.3929173573407202,0.3713396149584488,0.41706962890625005,0.42314458222222223,0.26301369119999995,1,1,1,1,1,1,0.9630285000000001,0.3407839080932786,1,1,1,1,1,1,1,1
o3_gr_e05,B,1,1,1,1,1,1,1,1,1,0.29103258641975305,0.6283157530864198,0.5546125,0.8394241718750001,0.8223692222222221,1,1,1,0.21068202666666672,0.2837132840236686,0.34506987573964504,0.46095145454545455,0.4983683194444445,0.49113005325443787,0.5519724097222224,0.6327386446280993,0.07475958593750004,0.17588155555555568,0.1958588541666667,0.22512286982248514,0.2546977653061225,0.40200694000000015,0.35644030555555556,0.39354364444444445,0.12044971000000004,0.17627268888888892,0.1758802695312501,0.31411371875000005,0.22410597633136098,0.27961685123966945,0.34225472000000007,0.20136185920000002,0.3437585833333334,0.36694787152777786,0.42008251446281,0.6828904800000002,1,1,0.4962287520661158,0.4722679644970415,1,1,1,1,1,1,1,1,1,1,1,1,1,1,1,1
o3_gr_e06,B,1,1,1,1,1,1,1,1,1,0.6939917407407407,0.9120516938775507,0.9212225714285713,0.8181618437499996,0.7448278395061726,0.8495187031249999,0.8423127968749996,0.9583826530612242,0.20140129249999994,0.4085773966942146,0.38922804861111093,0.4008104097222221,0.5183852899999999,0.52234682,0.5165806099999999,0.26362849702734836,0.08884531249999991,0.13965014201183418,0.20938977685950405,0.2499338264462808,0.32302676999999985,0.2689104513888887,0.25341454437869815,0.15511958204081625,0.13956115916955006,0.1542255051903113,0.1839166914062499,0.20173686222222215,0.23716302777777765,0.38143802040816305,0.3463772187499998,0.16073104340277772,0.40276817958412087,0.37501019270833325,0.4623612799999999,0.43852389499999994,0.7274051818181817,0.43936681249999987,0.5423377343749999,0.300286595567867,1,1,1,1,1,1,1,1,1,1,1,1,1,1,1,1
o3_gr_e07,C,2,1,1,1,1,1,1,1,1,0.43434288775510205,0.8426379012345682,0.9499922098765434,0.8141198263888887,0.9871468925619837,1,1,1,0.17960269140625004,0.18499087396694217,0.25642262358276646,0.5121383905325445,0.49782117578125,0.5399885813148789,0.6962840444444446,1,0.06698247999999994,0.08864977000000002,0.1200999688888889,0.19022776816609002,0.24197387345679017,0.36295366015624997,0.4006590339506173,0.37603895463138,0.17459230864197536,0.16076495833333337,0.13525530078124995,0.21668032544378701,0.20667895555555554,0.2738588316326532,0.4048830991735538,0.18595356055363327,0.7987264687499999,0.33934553500000003,0.3687962811791383,0.4095626842105263,0.4409368685121108,0.43999895703125,0.41588954296875,0.21504667181926276,1,1,1,1,1,1,0.8864332314049588,0.3453413668639052,1,1,1,1,1,1,1,1
o3_gr_e08,B,1,1,1,1,1,1,1,1,1,0.7678509506172838,1,1,1,0.794726541666667,1,0.9540655454545454,1,0.23764986159169563,0.2536570175,0.34563540138408305,0.5003567869822486,0.518867530612245,0.5827293609467457,0.6804863958333334,0.5683119333333334,0.07569889256198348,0.11419989285714295,0.1795477218934912,0.2241541511111112,0.26016062890624997,0.3443554846938776,0.49038863636363655,0.27489581852551986,0.0942985733333334,0.16651378571428577,0.21719558673469397,0.22927430859375,0.32734937278106513,0.2862456132812501,0.34680806122448987,0.21711754400000005,0.3015294528,0.3044293653846154,0.39061888279773166,0.5530703395061729,0.6844806479591836,0.4895198125,0.4889741745152355,0.3821084971644613,1,1,1,1,1,1,1,1,1,1,1,1,1,1,1,1
o3_gr_e09,C,2,1,1,1,1,1,1,1,1,0.2431415459183675,0.37357218934911246,0.42572706250000003,0.5387517911111112,0.6195746250000002,0.7080976054687501,0.7813094960937501,1,0.4800423888888891,0.10287421088435383,0.20556455678670374,0.3708590622222223,0.47474771875,0.5746478515625001,0.7652297091836736,1,1,0.06721677551020434,0.0957099467455623,0.16172859259259267,0.25514334903047103,0.40738108650519067,0.5412064296875001,0.5276004275,0.6599960000000016,0.16227397959183687,0.11399273777777794,0.19657475510204092,0.28576150295858005,0.3674756938775512,0.4711268533333337,0.3826625936,1,0.33155968698060945,0.29134378099173563,0.4872474062500002,0.46265756250000023,0.45547593359375005,0.4787578242187502,0.30269519111111115,1,1,1,1,1,1,0.8680953254437872,0.36519366555555555,1,1,1,1,1,1,1,1
o3_gr_e10,B,1,1,1,1,1,1,1,1,1,1,1,1,1,1,1,0.8712061481481485,0.4363099723183393,0.9376237551020411,0.4446613281250001,0.4823351071428574,0.6838367100000002,0.5804685555555558,0.5352372781065091,0.591694834710744,0.24848581920000018,0.15778934722222243,0.14232680859375013,0.21476388775510222,0.27073564497041447,0.23355704888888898,0.26462395918367365,0.32928897222222236,0.1862322759924387,0.14510601388888908,0.14420212890625014,0.1768419644444446,0.2720256508875742,0.320738152777778,0.29004404591836747,0.3179437193877553,0.16766147704081633,0.40351152343750024,0.38035448199446,0.3830903324099724,0.5133389333333335,0.5978142307692308,0.5997460355029589,0.5863176938775513,0.4009998025000001,1,1,1,1,1,1,1,1,1,1,1,1,1,1,1,1
o3_gr_e11,B,1,1,1,1,1,1,1,1,1,1,1,1,1,1,0.8151149899999997,0.5594842959183671,1,0.3196351541950112,0.4960569066666667,0.46451556640624986,0.5126179183673467,0.5895890416666665,0.42818527111111093,0.48330855555555546,0.3018321995464851,0.1070970276816608,0.15740642578124986,0.21431922959183658,0.2408308934911241,0.2314388112244897,0.23995624489795905,0.35349486999999974,0.16901541715976326,0.0994629826989618,0.16857906508875725,0.18072554222222206,0.319641776859504,0.27075027810650876,0.30505401183431935,0.2907448724489794,0.19553867708333325,0.22852549704142014,0.4058784726562499,0.43482043359375006,0.47449635111111077,0.5615798106508876,0.5617183195266271,0.5913512986111109,0.5249699526627218,1,1,1,1,1,1,0.6983920051020406,0.9168058899999995,1,1,1,1,1,1,1,1
o3_gr_e12,B,1,1,1,1,1,1,1,1,1,1,1,1,1,1,1,0.8543351111111113,0.46796763667820085,0.5811843611111113,0.4223440429687501,0.4667103466666668,0.5556566627218936,0.6463323719008264,0.5234405502958581,0.5305977361111113,0.17130628246913585,0.1248235325443788,0.14911246666666683,0.20358827040816344,0.24544943786982262,0.24849621938775518,0.23137566666666673,0.2566033571428573,0.1412159035812673,0.15261653254437885,0.14454157777777787,0.20515772189349124,0.20650920000000014,0.31821631404958683,0.30283718055555564,0.31389174305555567,0.13831713943808538,0.3083033327032137,0.41670419723183405,0.39084071468144055,0.47838441796875,0.5243357908163265,0.5173103520408163,0.4624755777777779,0.5060863431952665,1,1,1,1,1,0.9416113471074381,0.7745633609467456,0.9513304000000002,1,1,1,1,1,1,1,1
o4_gr_e01,A,0,0.46006706249999973,0.5288651250000002,0.43808055999999973,1,0.9905099999999994,0.7880293124999996,0.5558539387755101,1,0.11005319008264447,0.16404838194444435,0.1514277514792898,0.21835384297520655,0.25221891666666657,0.37307662962962945,0.24152088235294103,1,0.1056008899999999,0.24364649999999957,0.2053564444444444,0.2782400740740739,0.355708197530864,0.3911011999999999,0.42748207438016517,1,0.07720047222222211,0.10228029752066092,0.1590455537190081,0.22888595867768588,0.3232326499999999,0.34621231249999995,0.34404176000000003,1,0.0663518816568047,0.12163007999999986,0.1467451581632652,0.26396728925619817,0.2875376449704141,0.43056328925619813,0.44137499408284003,1,0.12933144444444428,0.17988736363636346,0.23852200694444436,0.3073911041666666,0.5688007187499997,0.6535784374999998,0.5130967361111111,1,0.12525108163265292,0.21450006508875727,0.23662546484374988,0.3556499999999999,0.48269123140495857,0.46101361538461516,0.4303025781249999,1,0.13491287257617723,0.2405979609374999,0.2744962129629629,0.38581500888888876,0.5265906944444444,0.624125818181818,0.49059157777777784,1
o4_gr_e02,A,0,0.7453052500000015,0.26872708163265324,0.4821255625000003,0.6232931875000004,0.6230005600000003,0.6022360833333338,0.6209463469387759,1,0.09330898224852092,0.20905456250000023,0.1504869375000002,0.2083646041666668,0.24054665088757415,0.3125590486111113,0.2537294166666667,1,0.08090379861111127,0.22717311111111133,0.1987551851851854,0.2685222800000003,0.5890238055555558,0.4049259400000003,0.3291872656250001,1,0.03952939506172853,0.10617432000000016,0.17205917000000023,0.1929502602040818,0.37830924000000016,0.3964362083333335,0.4776178611111112,1,0.05433988888888901,0.12262847000000016,0.15658395857988178,0.22853868367346952,0.3275445384615387,0.44156012500000025,0.7046208024691362,1,0.06682948469387776,0.16183215972222245,0.249751402777778,0.3118101124260357,0.4264044930555558,0.5488470165289258,0.6935660300000002,1,0.09883551555555574,0.1919841173469389,0.2749243010204083,0.3063515195312501,0.49748565277777795,0.5240439289940829,0.6455992569444444,1,0.1122512880886428,0.21174909342560572,0.3091228906250002,0.3769107617187502,0.46134282222222245,0.5880304497041421,1,1
o4_gr_e03,A,0,0.22014719444444483,0.4042810277777781,0.6137068400000008,0.5355154081632657,0.501631617283951,1,0.4887522222222224,1,0.07244163265306143,0.19439382644628117,0.2412454722222224,0.24508513777777796,0.3470113668639056,0.6322370781250003,0.36371325390625014,1,0.039538112244898116,0.12425185416666683,0.23204088000000023,0.2945361652892564,0.37258464462809937,0.6947277346938779,0.4849152361111113,1,0.02993707812500013,0.10043223456790147,0.13919843055555578,0.19075259693877564,0.41723325925925964,0.47150692000000033,0.3628740078125002,1,0.04427358333333352,0.10574893750000033,0.13309992361111128,0.190586005102041,0.3094459444444447,0.41988388429752077,0.43567437869822506,1,0.060355296296296546,0.14900782716049404,0.19278890082644648,0.2967428500000002,0.3852888500000003,0.519935703703704,0.46909273611111135,1,0.04674013609467476,0.12389946153846172,0.19210731952662743,0.20206591349480985,0.36563145833333355,0.6093385468750003,0.35051231250000026,1,0.09076934027777793,0.19354252892562002,0.28498757851239703,0.39041179000000026,0.4621019100000003,0.7409870000000003,0.5200566694214878,1
o4_gr_e04,A,0,1,0.264858765625,0.4802337999999999,0.6708463750000001,0.5614380399999999,0.36563171875,0.5687395999999998,0.7412382399999998,0.3360004999999999,0.1466701458333333,0.15796276388888883,0.19160824793388426,0.29969285937499984,0.32896031250000013,0.21680844378698222,0.24178312471655325,0.40034743749999996,0.21566144444444438,0.16461216049382707,0.21194009876543207,0.38204733333333313,0.2792904,0.2875144628099173,0.20165735679999994,0.11849594444444435,0.08514771074380156,0.12114205785123952,0.16980227272727277,0.2778591975308642,0.23890770414201182,0.3481808181818181,0.23069449919999999,0.1609843469387754,0.10457876033057847,0.1648727851239668,0.21514593055555553,0.24701392346938764,0.2867783599999999,0.29919151903114183,0.31333164839319455,0.21922461999999993,0.16539352551020403,0.20890862890625,0.29552552734375,0.3549721914062499,0.44848959111111103,0.4801064977777778,1,0.3256160165289256,0.24434348437499992,0.2969111385041551,0.40764844753086416,0.568492702222222,0.6766891938775509,0.6250226533333334,1,0.6838451020408165,0.4342800902777777,0.7564581728395061,1,1,1,1,1
o4_gr_e05,A,0,0.7763756666666677,0.8508093333333343,0.5743838000000006,0.3659339062500004,0.4752887500000005,0.7042501250000006,0.6572098125000005,0.8293235510204086,0.13727272959183692,0.16364234722222243,0.21500670000000033,0.29603842187500023,0.21232073611111138,0.3411875937500003,0.32806815625000035,0.2202350309917356,0.1541205185185188,0.2344556111111115,0.22077345312500027,0.19627559000000025,0.2684826666666669,0.4075227142857146,0.2708257603305787,0.289300089965398,0.06428807142857165,0.11880690123456823,0.17585729687500037,0.18736481000000027,0.20850531944444467,0.2768123057851242,0.4439003125000002,0.29992379238754335,0.08040921301775168,0.13560918518518547,0.18482718000000017,0.18836271005917177,0.22797350666666688,0.2980812500000002,0.3444775714285717,0.3923701953125002,0.17460622916666693,0.18615746745562156,0.26990339644970435,0.3272210355029588,0.3377758242187502,0.39096013281250014,0.5786891458333335,1,0.17995828531855979,0.28285216836734717,0.28428698456790136,0.3918211764705884,0.41342646814404455,0.6413507091836737,0.6731244591836738,1,0.5327343209876546,0.4572842975206614,0.5851607355371904,0.8929124567901237,1,1,1,1
o4_gr_e06,A,0,0.6252580000000008,0.6657252500000006,0.33457470370370396,0.43444124489795954,0.441566897959184,0.5142380833333338,0.38005165625000037,0.934054960000001,0.16868955621301798,0.1847961157024796,0.16126596938775528,0.28147227160493865,0.34754812500000015,0.2996403000000002,0.2348280473372783,0.2961768254847647,0.19856990123456822,0.2426697222222226,0.1853462100000003,0.2211890600000003,0.4524819722222226,0.3120744100000003,0.3971411851851855,0.28023271428571445,0.09680936000000029,0.11600248000000017,0.14805285950413255,0.1828457986111113,0.2991212600000003,0.33029379338842996,0.2744307421875002,0.3495608559556788,0.09448750000000034,0.14612067901234602,0.17724111111111135,0.2167698724489798,0.2828110000000002,0.3528054234693881,0.35256945328719747,0.6609982569444446,0.22026901000000024,0.20969204166666694,0.22496433910034622,0.28872061419753103,0.4066691015625002,0.602983888888889,0.4026172623966943,1,0.20864914062500017,0.24377198961937738,0.3024239125000001,0.45834555017301054,0.616760728888889,0.6197757382812502,1,1,0.4512366200000002,0.4747615206611573,0.9012580156250005,0.89692187,1,1,1,1
o4_gr_e07,A,0,1,0.08759322222222335,0.2214344444444448,0.9964280000000005,0.8109140000000009,1,0.6626124800000006,1,0.13416233333333377,0.02424537869822504,0.07714894666666686,0.18798457000000027,0.2058241180555558,0.3071775500000002,0.2356514755555558,0.24863859556786722,0.25509825000000036,0.12303627777777823,0.1123759166666669,0.3103272857142858,0.24419061983471096,0.31060346280991763,0.3307510473372783,0.3176961419753088,0.12982418750000024,0.09440430769230787,0.10332225777777793,0.19934381250000022,0.29674520661157056,0.3297405857988168,0.3843477397959186,0.36312210803324113,0.10500790000000032,0.1527964074074077,0.1640857361111112,0.24900584722222244,0.2909017397959186,0.34034429296875013,0.4252888984375002,0.6126613491124263,0.22231335937500035,0.15146657777777792,0.2178513906250001,0.2884020234375002,0.4449063076923079,0.6712594400000003,0.5341384666666668,1,0.2349660663265308,0.24076848437500023,0.2760001625000001,0.4757024591836737,0.5429881428571428,0.5552219822222223,0.5302090555555556,1,0.31800055102040836,0.4148204497041421,0.7168984000000005,0.740459611570248,0.8943967,0.8071088402777782,0.7743663010204085,1
o4_gr_e08,A,0,0.13137848000000016,0.308334653061225,0.42983320408163306,0.5733213333333338,0.36710600826446316,0.6132374897959187,0.4146255833333336,1,0.06331445312500018,0.14963647222222246,0.2046483194444447,0.22088293877551038,0.4530003125000003,0.3098125976331363,0.3099049218750002,0.8601079387755105,0.09229737500000045,0.13043962962962993,0.15651804733727834,0.3897180612244902,0.3646476296296299,0.4015810300000003,0.42347939583333344,1,0.061182739795918505,0.08045113609467477,0.1715897400000002,0.22709197520661178,0.3240959700000003,0.4579812098765435,0.35132375111111125,0.7929043125000004,0.05223341796875011,0.1475689218750004,0.14069764795918382,0.27915038000000014,0.2918835486111113,0.31862106632653076,0.5486485100000003,1,0.14583335537190106,0.20385437000000023,0.19836084183673486,0.3009621875000002,0.5177929687500002,0.4484681322314052,0.5308738181818182,1,0.20571487500000027,0.24109610650887592,0.25401550000000017,0.39856752777777793,0.4590686446280994,0.5968531234567904,0.38756990625000004,1,0.3783654843750003,0.523945653061225,0.7784202777777781,0.7554067142857147,0.7400673437500003,0.6083856100000001,0.8377124687500003,1
o4_gr_e09,A,0,0.1602292499999991,0.16693677777777763,0.4383372222222219,0.4290433999999997,0.4523206944444441,0.4772636734693875,0.7696711999999997,0.7290919387755099,0.03880017187499986,0.043532138888888725,0.11106434027777763,0.16130012426035492,0.22424435416666652,0.24164918877551014,0.29851857653061215,0.43859670833333325,0.08121268749999967,0.14948324999999998,0.15031130999999986,0.18646533136094656,0.37142119753086394,0.3711482644628098,0.35975780612244884,0.706222925925926,0.08163444444444427,0.09531339285714276,0.17578092561983455,0.21250875147928974,0.3163021527777777,0.4442140165289256,0.34419779320987637,0.9308346562500001,0.10341597222222204,0.13429914049586758,0.21675795867768574,0.21855928124999988,0.39820260416666653,0.41756470408163254,0.5569139408284023,0.9142520987654317,0.1643065432098763,0.18526759027777767,0.2238623828124999,0.32541892888888885,0.4606530295857987,0.5440890591715976,0.49118513494809685,1,0.19439871597633124,0.21242461245674732,0.3308098359374999,0.4309771599999998,0.5659618757396447,0.5943742653061224,0.559936944636678,1,0.2562926479591836,0.3762109704142011,0.6988954444444442,0.5056930533333333,0.7079361319444444,0.8519863884297519,0.8631189652777775,1
o4_gr_e10,A,0,0.7758346666666676,0.4235777551020412,0.45783357000000025,0.7494422200000002,1,1,1,1,0.1141758703703705,0.16991253846153861,0.19474311500000013,0.3054828798185941,0.5149768906250003,0.6247592844444447,1,1,0.17332940740740765,0.24196514285714324,0.17112133593750017,0.28616432525951563,0.4115757734375001,0.587118579881657,1,1,0.07182212500000018,0.1039656280991738,0.16702685950413243,0.20196390234375017,0.2868159921875002,0.3691634296875001,0.4637400844444445,1,0.0900469506172842,0.14938296875000034,0.1560955925925929,0.19950544628099198,0.22683693333333346,0.38180877777777805,0.45022478472222255,0.5466516942148762,0.4830088750000006,0.20349200000000042,0.26374350000000046,0.2380997901234571,0.261577027777778,0.41177444000000024,0.6747444693877556,0.40660558163265315,0.9337097777777791,0.1572869822222224,0.15868248520710082,0.28232950617283986,0.21149787555555574,0.3307093194444447,0.5341513125000003,0.27698117592592614,1,0.29942672000000026,0.32597843209876576,0.3106516400000003,0.35564894000000025,0.6627218611111114,0.581676816326531,0.6279407755102044
o4_gr_e11,A,0,1,0.3457676799999998,0.23456625925925909,0.49110263265306114,1,1,1,1,0.3006011388888889,0.17386128124999992,0.13537402040816326,0.1834979125,0.36307225605536325,0.49360933593749995,0.75230575,1,0.2627738055555556,0.20309838888888884,0.18421224999999997,0.22838190234374997,0.41654147448979584,0.5890504791666666,0.7940564799999997,1,0.07036847222222219,0.10487968595041319,0.19077898765432094,0.1996895822222222,0.295149125,0.455278875739645,0.44801029296874995,1,0.07102213888888886,0.16847818749999993,0.18721655999999987,0.19722031952662716,0.27863456122448976,0.46196012396694214,0.39367684375,1,0.2524820399999999,0.21139311,0.23966329,0.22835776020408155,0.46495787654320975,0.5583203827160496,0.6301524444444444,1,0.23738690624999997,0.3307381599999999,0.28993199305555556,0.2733821733333333,0.4623104800000001,0.39421085798816563,0.46602740277777766,0.7819118888888891,0.6014161875,0.574241234375,0.5192557283950617,0.41612759722222226,0.5737822839506173,0.48001914049586764,0.4971253801652892,1
o4_gr_e12,A,0,0.4915241200000005,0.4057228775510209,0.44772996000000026,0.6593937300000003,0.8423499000000001,0.9574864600000004,1,1,0.14385660888888907,0.19229474380165315,0.18060981750000019,0.3145273102493076,0.534397397959184,0.7536741157024796,1,1,0.15191121527777804,0.21051387500000043,0.17991688888888907,0.2957725429687502,0.5183168055555558,0.5850933125000003,0.6311009644970415,1,0.10626702000000027,0.13254156790123484,0.14598046745562146,0.19554345674740498,0.3890205208333337,0.43735576331360965,0.4112991171875002,1,0.05052676388888903,0.1276788395061732,0.19810625000000037,0.18136628994082865,0.25944167857142875,0.4280947685950416,0.4461127847222225,0.9931877551020414,0.46666043750000047,0.24100683333333375,0.21162759183673527,0.20382252892562006,0.36236797530864223,0.40855673000000026,0.5100991481481485,0.3773416289062501,0.6520834375000006,0.1687766319444447,0.155516840277778,0.16869892857142876,0.23863656804733743,0.4582826562500003,0.2651317777777779,0.3441101183431955,1,0.3668307551020413,0.3251324843750002,0.4652712222222227,0.4529696938775514,0.9172268750000008,0.636705055555556,0.9935386250000005
o5-01_gr_e01,B,1,1,1,1,1,1,1,1,1,1,1,1,1,1,1,1,1,0.9669266913580249,0.4423738194444445,0.44434936160000005,0.5661355640495868,0.5616246389413989,1,1,1,0.1558942993197279,0.15916848958333335,0.17943682465277783,0.26313822145328725,0.28864176171875,0.4369549062499999,0.38829107438016525,1,0.14976273347107438,0.14829362999999998,0.18138685041551242,0.1946266122448979,0.21342290476190476,0.21955495013850418,0.5833936111111112,1,0.9445983750000001,1,0.5192533024999999,0.9501303163265304,0.6113655075,0.72969111328125,1,1,1,1,1,1,1,1,1,1,1,1,1,1,1,1,1,1
o5-01_gr_e02,B,1,1,1,1,1,1,1,1,1,1,1,1,1,1,1,1,1,0.7115526508875739,0.6146263046875001,0.5574024653739611,0.46253104513888876,0.462548608,0.5357981329639889,1,1,0.13837973437499998,0.15476390702479334,0.19761994104308392,0.23839320498614958,0.1750365399408284,0.24408376177285318,0.4261752986111111,1,0.1578779374999999,0.1691030138504155,0.2013218512110726,0.24950154081632647,0.16465880498866206,0.21637377285318554,0.3341463826530612,1,1,1,0.8084803777777778,0.6865048981481481,0.520518472222222,1,1,1,1,1,1,1,1,1,1,1,1,1,1,1,1,1,1,1
o5-01_gr_e03,B,1,1,1,1,1,1,1,1,1,1,1,1,1,1,1,1,1,1,1,1,0.6823472623456789,0.5431789070247933,1,1,1,0.13993570068027195,0.1464581923076922,0.19891066528925608,0.21857497249999977,0.1908994595336076,0.2504781678004534,0.3270501122448978,1,0.14735464499999987,0.15110082797731558,0.1996230999999999,0.19862841551246527,0.20427580886426577,0.23631269204152233,0.4189305185185182,1,1,1,0.6603511111111109,0.501435298611111,0.48056134239999987,0.6226711246537394,1,1,1,1,1,1,1,1,1,1,1,1,1,1,1,1,1,1
o5-04_gr_e04,D,3,0.2695794791666669,0.2868414948979594,0.369424857988166,0.33136385066162577,0.8257764140625002,1,1,1,0.18710560416666686,0.23239754437869845,0.3965761500000003,0.2828837396449705,0.6286914834710746,1,1,1,0.22441260937500035,0.24185064197530895,0.29855467768595073,0.38826268707483,1,1,1,1,0.05953212396694239,0.11464422222222242,0.2540761735537193,0.3302965459533609,1,1,1,1,0.1580062222222225,0.1635286033057854,0.239260661157025,0.22829552728468114,1,1,1,1,0.294920416666667,0.23840982716049405,0.40648318367346986,0.39965796030245765,1,1,1,1,0.17999790909090932,0.21241838842975228,0.3656400937500003,0.3181354421487605,0.8705791487603312,1,1,1,0.8126437777777785,0.9206817777777789,1,1,1,1,1,1
o5-04_gr_e05,D,3,0.08863046938775518,0.13649238194444457,0.20332539100346034,0.34896934297520665,1,1,1,1,0.08493974305555566,0.17189868000000008,0.22916992899408295,0.23578569877551028,1,1,1,1,0.19723444897959205,0.24953655102040834,0.2917559382716051,0.2971169905482042,0.7243782448979593,1,1,1,0.046659115702479416,0.10207271604938294,0.19224730000000004,0.22705750976562503,0.7340315827664401,1,1,1,0.1900143906250003,0.17264844444444455,0.19356291735537204,0.2335171000000001,0.6489236294896031,1,1,1,0.18960142148760345,0.3341913333333337,0.3298104218750002,0.33149106508875753,0.44025988203017835,1,1,1,0.23496400000000014,0.41479350000000026,0.2447276944444446,0.33909985416666677,0.3625109923469388,1,1,1,1,0.8806563333333338,0.7952824375,0.8237296400000005,0.9989153055555559,1,1,1
o5-04_gr_e06,D,3,0.04400562000000008,0.1409788933333334,0.3295295121107268,1,1,1,1,1,0.07154777083333351,0.2017503703703705,0.20167706611570252,0.31878268590211845,1,1,1,1,0.13825307812500012,0.2521496530612249,0.22765428027681672,0.41227927806122444,1,1,1,1,0.05177842361111124,0.1771424285714289,0.21672535111111121,0.34936829111111123,1,1,1,1,0.15685154320987668,0.17733641000000014,0.24649725694444452,0.24646145270672218,1,1,1,1,0.19000752000000015,0.44639632000000057,0.36691264062500023,0.3183385088000001,1,1,1,1,0.26682467901234586,0.3495162343750002,0.3319005400000001,0.30575551557093444,0.5609518117913834,1,1,1,1,0.5998439200000003,0.629941666666667,1,1,1,1,1
o5-07_gr_e07,B,1,1,1,1,1,1,1,1,1,0.5859459399999998,0.6624789382716049,0.8732077346938776,0.7151580370370368,0.9998800816326533,0.7264651799999999,0.9688947031249999,1,0.2508439408284023,0.2876956944444444,0.6554889166666665,0.4099831399999999,0.7029142448979593,0.47475558677685925,0.73263884375,1,0.14803571875,0.09123791666666661,0.2760796666666667,0.20999867999999997,0.4333747777777778,0.26500205785123965,0.5910280555555554,0.529484836734694,0.174151244897959,0.12060317999999988,0.4122606249999997,0.27446485714285707,0.713750777777778,0.38361158333333323,0.4880973999999995,0.28143824793388417,0.39957571428571426,0.345168,0.6511902399999998,0.3300686399999998,0.65767044,0.33481585,0.6798524799999999,0.41761530864197527,0.72631784375,0.53960815,0.8801233611111112,0.6056327160493826,1,0.6425508749999999,1,0.7325005714285712,1,1,1,1,1,0.7361166666666665,1,1
o5-07_gr_e08,B,1,1,1,1,1,1,1,1,1,1,0.6665287685950413,1,0.73452757,1,0.8198620246913578,1,0.7064642231404961,0.6405466666666668,0.3300950650887574,0.8517051599999999,0.39711179166666666,0.5821209843749999,0.40553968055555545,1,0.3796094044444445,0.2264964444444443,0.1554656296296296,0.25363285714285705,0.23161491358024683,0.4198301944444445,0.3340994375,0.49209783333333335,0.21997420415224905,0.22705027777777756,0.1543290468749999,0.26409708333333326,0.23010609374999993,0.2419096249999999,0.289140163265306,0.4968992499999998,0.22909763905325434,0.246734098765432,0.2222858024691356,0.3998692800000001,0.3623902499999998,0.7424318888888887,0.3647678888888887,0.6915927777777775,0.31162143209876536,0.38971921875000004,0.4577020555555553,1,0.6359933749999997,1,0.5727668749999998,1,0.30294973,1,0.7643786874999999,0.48319447222222217,0.39950534693877543,0.8704432222222219,0.4131901111111111,0.5309325625,1
o5-07_gr_e09,B,1,1,1,1,1,1,1,1,1,0.7699264999999996,0.6256163699999999,1,0.639397603305785,1,0.9321432812500002,1,1,0.595220833333333,0.33769816528925606,0.5965421836734692,0.42206013223140487,0.8897622499999998,0.5087670661157024,0.9579126388888884,0.5784948842975207,0.13878966666666645,0.15031987499999985,0.23235163265306102,0.22570395999999987,0.3935869591836732,0.2986323719008263,0.5395238979591835,0.3356051527777777,0.30927287499999956,0.1217786199999999,0.3148984399999999,0.26276463265306116,0.7254904444444438,0.24870670999999983,0.9272708888888882,0.25416224888888883,0.7568323749999998,0.36869509374999976,0.6102195999999998,0.4207215306122446,0.6396573999999997,0.3813905802469134,0.7294827999999994,0.30803872448979586,1,0.5192036172839506,1,0.5761524843749999,0.8245041944444442,0.5737522839506172,1,0.6411053749999999,1,0.9933528055555555,1,0.9513069444444442,1,1,1,0.7893150312499998
o5-10_gr_e10,A,0,1,1,1,1,1,1,1,1,0.6423732499999998,0.32247190625,0.5408625999999997,0.49992936111111097,1,0.5683827777777779,1,0.33065075000000005,0.40665000000000007,0.28149811111111117,0.50381075,0.4140550277777777,0.9001017777777774,0.7599448749999997,1,0.6827633599999998,0.295685222222222,0.17672252777777797,0.39287956249999983,0.30487086111111106,1,0.4220444166666666,0.5311997599999998,0.47084580555555544,0.10430180555555545,0.07880879012345675,0.3902662222222217,0.15712444,0.6325053333333336,0.35072761111111117,0.7827041111111112,0.4160945833333332,0.2530227500000001,0.3723882500000001,0.39876668750000005,0.3438580799999998,0.9710074999999998,0.5198047499999997,1,0.5883786874999998,0.32785605555555547,0.21488734374999996,0.6553659999999999,0.3617176111111109,0.7697470000000002,0.3998432499999999,0.5136377200000002,0.4173596944444444,0.7312414444444446,0.5163276874999998,1,0.6035850000000003,0.6497955624999999,0.4470358611111111,0.9586007777777775,0.5804739999999999
o5-10_gr_e11,A,0,0.6325877777777772,0.5260409374999994,0.4948611999999996,1,1,1,1,1,0.26772530555555507,0.30075547222222154,0.40471947222222165,0.38531306172839475,0.8941648799999997,0.5888285555555554,0.8043082499999998,1,0.20982055555555518,0.23066786111111065,0.5428596874999994,0.42419844897959147,0.6411457777777776,0.9121202799999996,0.8135076938775508,1,0.18571868749999929,0.19261735999999963,0.238652972222222,0.37434783333333277,0.4004170408163261,0.5322320612244896,0.7456546388888887,0.9191562222222218,0.06949019444444418,0.09466271428571392,0.20553491666666632,0.22783779591836695,0.5226141874999992,0.2763193703703702,0.5346648888888887,0.4521370493827158,0.2315534374999994,0.2346946874999995,0.5532329999999988,0.19263173469387707,0.8748879999999987,0.5073592499999995,0.45650427999999943,0.4434266938775506,0.3830497777777768,0.1523107499999994,0.33108944444444344,0.18281342857142827,0.2912874799999996,0.27784377777777725,0.5960433333333324,0.26037608641975285,0.3582874374999996,0.28455068749999973,0.5300282499999975,0.2883921249999994,0.3223817499999993,0.16920195312499967,0.7578557499999985,0.2970364897959181
o5-10_gr_e12,A,0,0.9229765000000014,0.5311194375000001,0.7501055625000006,1,1,1,1,1,0.21877116326530643,0.302658527777778,0.29387033333333357,0.5290807142857149,0.5965875468750003,0.7983590816326535,0.7817787283950618,1,0.24416360000000048,0.19534151020408194,0.45332756000000063,0.46036912244897993,0.7052948611111114,1,0.5147769234693877,1,0.21619355555555622,0.19478592000000064,0.23889797222222273,0.3305649183673472,0.4270788367346944,0.4299922469135805,0.5212916500000002,1,0.04734653125000026,0.17484936000000026,0.2474343600000004,0.19354517187500017,0.4272291200000007,0.3252622187500001,0.44179270312500035,0.7511580555555558,0.2898663333333341,0.23047562500000013,0.5475935000000015,0.21681044444444483,0.8152330000000013,0.48019800000000046,0.3691106666666671,0.4745547031250004,0.3822317777777787,0.16803905555555604,0.31990388888888943,0.1889354166666672,0.2194062500000004,0.1727831875000003,0.24429266666666705,0.24947937500000025,0.33615356250000056,0.1856853877551025,0.5832980000000001,0.27633443750000075,0.49838224999999986,0.2590520625000009,0.5034672500000004,0.20369013000000025
o5_gr_e01,B,1,1,1,1,1,1,1,1,1,1,1,1,1,1,1,1,1,0.2575650748299319,0.37154608203124995,0.4548103111111109,0.5988506923076923,0.5234193777777776,0.5467541428571427,0.5717237810650886,0.46665153515624985,0.1345013553719007,0.15766826035502945,0.1952675153061223,0.2553199489795917,0.2912065857988164,0.4228320999999998,0.39978484297520644,0.2586491349999999,0.11397049586776845,0.13247240999999976,0.14236074556213002,0.22471672916666652,0.28801086776859486,0.3035326944444443,0.3816736776859502,0.26178927977839334,0.24646267590027693,0.27019790999999993,0.36080924218749993,0.4155027539062499,0.4194189531249998,0.478498244897959,0.5170710532544378,0.3705370899999998,1,1,1,1,1,0.8017135207100592,0.7265958979591836,0.8011832958579881,1,1,1,1,1,1,1,1
o5_gr_e02,B,1,1,1,1,1,1,1,1,1,1,1,1,1,1,1,1,1,0.2422368594104308,0.31845287074829925,0.493933224489796,0.46057021604938264,0.5881319540816327,0.6169323372781066,0.7295064462809917,0.47285144982698957,0.12562932653061218,0.19907481818181808,0.24006335502958573,0.3156781458333332,0.37110887603305776,0.39769336363636365,0.4656560082644628,0.3306322560553633,0.09418837499999994,0.12247075694444434,0.20084694214876037,0.2804028699999999,0.2823942638888889,0.33996687499999995,0.5235773086419754,0.30902622839506166,0.2243347149999999,0.25432841999999994,0.32804489506172835,0.443692163265306,0.4809894378698224,0.5530573888888888,0.5210472721893489,0.47944289453125,1,1,0.9500227699999999,1,0.7640129112426034,0.7632564852071007,0.8145169652777778,0.8369792222222222,1,1,1,1,1,1,1,1
o5_gr_e03,B,1,1,1,1,1,1,1,1,1,1,1,1,1,1,1,1,1,0.23398565749999994,0.3726811326530612,0.3970232088888889,0.5648860555555554,0.5754281944444444,0.6195761074380165,0.5671951180555556,0.3128389111570248,0.12622878512396685,0.13871745562130172,0.2057008680555554,0.24479108163265303,0.2957054305555554,0.4028437499999999,0.35214077777777786,0.2971844394463667,0.10473085950413209,0.08961903555555548,0.2139923827160493,0.19260567455621297,0.27373396694214863,0.37135627,0.3662343305785123,0.2297490544217687,0.32750396000000004,0.44565099999999996,0.29098932851239667,0.9385539374999996,0.3897187962962962,0.4339566885813148,0.528432775510204,0.3951687119113573,1,1,1,1,1,1,0.8552541887755103,1,1,1,1,1,1,1,1,1
o5_gr_e04,B,1,1,1,1,1,1,1,1,1,0.4161731715976333,0.5774373958333334,1,1,1,1,1,1,0.265332177514793,0.29556036734693886,0.2685679130434783,0.4460239833795015,0.6322385898437501,0.7486390510204082,1,1,0.13720598347107443,0.16528176000000014,0.19921430177514796,0.22362066435986164,0.30137004296875003,0.38849790816326546,0.44232498469387765,0.3465628271604939,0.11262969000000017,0.12339295000000006,0.14057420138888901,0.2168031041666667,0.29332963636363657,0.2996038775510205,0.5271549382716051,0.25734293005671083,0.3128037200000002,0.24537727343750007,0.23713100945179588,0.3673818625000001,0.7026168402366865,0.7810100661157027,0.7436250000000002,0.6631777916666667,0.8161148367346941,0.4120120484429067,0.570219671875,1,1,1,1,1,1,1,1,1,1,1,1,1
o5_gr_e05,B,1,0.9189314000000007,1,1,1,1,1,1,1,0.277717828402367,0.3658642500000002,0.6771733500000001,1,1,1,1,1,0.2269635400000003,0.23244083163265322,0.29961037500000015,0.3465512075000002,0.4976482253086422,0.5917474844290658,0.6819258203125003,1,0.13377718518518553,0.12278590277777794,0.1829185694444446,0.26972350887573987,0.3144067200000002,0.42032572448979605,0.47962134183673494,0.37924713750000005,0.1281791728395065,0.09538510222222234,0.14884019387755118,0.2736564200000003,0.26045322222222245,0.3416763884297523,0.4215472066115705,0.2987469224376733,0.25425339814814824,0.30647731972789133,0.2663536977040818,0.8794693209876546,1,0.8273829166666672,1,0.4123552109375002,0.6359938418367348,1,1,1,1,1,1,1,1,1,1,1,1,1,1,1
o5_gr_e06,B,1,1,1,1,1,1,1,1,1,0.35153722485207095,0.45317214201183426,0.7652429099999999,1,1,1,1,1,0.2756413636363635,0.3344365454545454,0.2542174690082645,0.4717942249134948,0.5025742797783933,0.6317641591695502,0.9198757291666667,1,0.1346528016528925,0.14826688429752052,0.17348416444444437,0.24689706249999996,0.288099537037037,0.36248502768166074,0.5085459336734693,0.31792265784499035,0.1328294197530862,0.09733548888888884,0.16741943749999993,0.2788400599999999,0.26967004166666664,0.3802234099999998,0.35807972189349113,0.3138212253086419,0.2585280123456789,0.28018197249999993,0.3126359338842975,0.5948722777777776,0.40189767283950617,0.7523720781249998,0.9689121666666667,0.2901658994082839,1,1,1,1,1,1,1,1,1,1,1,1,1,1,1,1
o5_gr_e07,C,2,1,1,0.8853752222222221,1,1,1,1,1,1,1,0.3939761388888889,0.3147851728395061,0.4637440816326531,0.38667339,0.7220475833333333,0.20528571224732456,1,0.9843362499999995,0.1760461652892562,0.40036530555555544,0.29127176,0.33366342975206603,0.5028576419753088,0.17847609927679153,0.1196897500000002,0.17601605555555552,0.18011695000000003,0.3041240612244898,0.2935253299999999,0.2961452888888888,0.3136673673469389,0.2961233091557669,0.10697508333333335,0.12481142187499988,0.13796799173553714,0.19513175623268694,0.40611865999999996,0.8132017901234566,1,1,0.8383511111111112,0.20275936718749996,0.16359449733001066,0.7760192354570633,1,1,1,1,0.4674250864197531,0.1829549681440443,1,1,1,1,1,1,0.4148803571428571,1,1,1,1,1,1,1
o5_gr_e08,B,1,1,1,1,1,1,1,1,1,0.6823946913580247,0.8201321406249996,0.9146818749999999,0.8438681111111114,0.82058581,0.8548889399999999,0.9427014444444444,0.88357652,0.3146673888888889,0.2770095422222223,0.41654495138888886,0.45534558333333336,0.5070055486111111,0.6328753199999999,0.6087889917355371,0.4906685333333333,0.1093129230769231,0.2005721975308642,0.1790438163265306,0.3248464299999999,0.3269413966942149,0.4761105802469136,0.4963681499999999,0.3155482880886426,0.14520438271604935,0.10337838461538461,0.18702827999999988,0.24372649305555555,0.31835724,0.31619827777777776,0.4310141499999999,0.2544515975,0.2820777734375,0.27647567313019394,0.3174074376417233,0.44331121296296294,0.44645358203124996,0.4504999609375,0.4741053984375,0.2817898916323731,1,1,1,1,1,1,1,1,1,1,1,1,1,1,1,1
o5_gr_e09,B,1,1,1,1,1,1,1,1,1,0.5428046666666668,0.4280244556213018,0.8303541093750002,0.6493938541666667,0.7701619752066116,0.8414347933884297,0.9969213300000004,0.7686529897959183,0.5963268800000002,0.2406381938775511,0.29294549333333336,0.4789913750000002,0.5115134674556214,0.6795799338842976,0.7753313305785126,0.6010866562500001,0.28032655555555575,0.12484622916666677,0.2065979504132232,0.2878859444444446,0.3752134166666668,0.4803800763888891,0.5301005266272191,0.4052359251700681,0.19338831250000044,0.10102465306122452,0.202127355371901,0.25108759763313615,0.2992425408163267,0.4450807916666668,0.5272569930555557,0.3716012199546486,0.4422496666666669,0.2470553179012346,0.2705291788194444,0.3720497528344672,0.4540658171745152,0.4986903024691359,0.5559733252595156,0.6353738355555556,0.3801054783950618,0.5130725546875001,1,1,1,1,1,1,1,1,1,1,1,1,1,1
o5_gr_e10,B,1,1,1,1,1,1,1,1,1,0.4199494100000002,0.4621394462809918,0.6058670413223144,1,1,1,1,1,0.3152570000000001,0.25417729081632673,0.24900113500000007,0.413823965397924,0.5221167734375002,0.6533843520408164,0.7476624852071007,0.5655395771604937,0.14514865000000016,0.15271648000000018,0.1862620694444445,0.3068127355371903,0.2950692959183675,0.3275518632812501,0.42012152551020415,0.32079070294784584,0.11150058000000013,0.09282675000000015,0.18860655000000012,0.2246690000000001,0.2575795384615386,0.3262356153846155,0.38289741420118356,0.32414296913580254,0.31746624691358033,0.24176599111111122,0.27049865432098774,0.36067042592592613,0.4235116759259259,0.5022743598615917,0.4724667839506173,0.715294867768595,0.3625916785714287,0.42982784888888903,0.4506864487534628,0.8544522083333334,1,1,1,1,0.6395670330578512,1,1,1,1,1,1,1
o5_gr_e11,B,1,1,1,1,1,1,1,1,1,0.40185877777777795,0.584210925619835,1,1,1,1,1,1,0.33368900000000024,0.24102337962962975,0.32667237673130206,0.488419598615917,0.513659019390582,0.8163844674556214,0.5784041697530863,1,0.1487382809917357,0.16350061983471095,0.19847390306122464,0.27248562666666676,0.32586908000000014,0.35858301953125016,0.49839104861111133,0.3453829861495845,0.12445050000000023,0.10525820710059182,0.22004827160493853,0.27812752000000024,0.2733226331360948,0.4208216100000003,0.4356176805555558,0.3585948200692043,0.30010623000000014,0.29108406944444465,0.2913411066666668,0.3285674671280277,0.3992682491349483,0.4555716332179931,0.5436885039062501,0.46421645429362884,0.46966883000000015,0.37102437499999996,0.42529621913580246,0.5867312695312501,0.8676280625000001,1,1,1,0.5343680347222223,0.8333581234567906,1,1,1,1,1,1
o5_gr_e12,C,2,1,1,1,1,1,1,1,1,1,1,1,1,1,1,0.7862690208333332,1,0.53965168359375,0.6144478979591838,0.5994810459183674,0.5667660051020408,0.33907007482993196,0.5398774082840235,0.6146229173553717,0.4138491003460208,0.20055297530864186,0.2892071481481481,0.20766562890624998,0.28020105917159754,0.41102238271604924,0.39435699173553707,0.4634518347107437,0.4778053964497041,0.10238677777777777,0.12459838999999989,0.18661997999999985,0.19895543749999992,0.30797539285714276,0.3018517324263038,0.4342236712802767,0.6723458925619835,0.18119360330578502,0.20186452662721882,0.23194180555555552,0.32855819501133776,0.46411287250000005,0.73346894140625,1,1,0.2586870138888888,0.3314248639053254,0.34655377249999986,0.7323579467455619,1,1,1,1,0.33027810059171603,0.6682994567901233,1,1,1,1,1,1
